k,0,1,2,3,4,5,6,7,8,9,10,11,12,13,14,15,16,17,18,19,20,21,22,23,n_clust,cluster_size
0,1.227209581397934,0.9751104329541991,1.0511927836039519,0.9802863571067595,1.1400684383703998,2.146739540950652,3.5768248978167314,3.39825731780377,2.3348245281837565,2.434104605213671,2.302216206367954,2.0958770549198977,2.2970478710715803,2.36830668933963,2.773837738826425,3.146004509004601,3.6642351590560405,4.349343799116181,5.426820259169807,5.3461304793242235,5.083185150804386,3.998392097199476,2.8528574256691632,1.677228593396806,5,14034
1,1.1489073595927644,1.0076019592741365,0.9267133307233927,0.9023980439215455,0.9901167274043439,1.3410427860409466,2.073509279451869,2.9129242605337935,3.9535933046663008,4.2521148990974185,4.205010003485023,4.4608481905298545,3.6916376310770422,3.2466088130832857,2.6631693248203985,2.339568631399505,2.232522151891276,1.895092749572705,2.6757708589085665,2.9705274859099244,3.247691332135199,2.565913342875913,1.9132245170905584,1.3741998541348803,5,7886
2,6.177222231444386,4.906666676141321,3.704722240049805,2.941388882882893,2.9527777631870578,5.824722219568987,6.853888891223405,9.430833292545541,9.309722195565701,9.068333348549073,11.252499982507693,10.814999991158645,11.071111093420122,11.528333322414094,10.487499977917306,9.830833359248938,11.854722194042472,12.874444431728788,13.74166669514444,14.706944397423003,13.876666661103565,11.768611093362173,9.028611084487702,7.089444430420796,5,1337
3,2.381916473129347,2.0250244959470836,1.9413534945033304,1.7539096179961011,1.9374659580091973,2.822420613165277,4.518135464705036,5.435187784462423,4.966733292680311,5.670539192936452,5.745123103792333,5.799852107810763,5.451752363901389,5.427219183269948,5.322812728125119,5.188016782759302,5.515136421913632,6.192647320247529,8.58787203193336,9.052884685020055,8.309442349281708,7.437667134578197,5.225627402830321,3.206309860983606,5,7379
4,0.37123552505660296,0.34881141722940423,0.3502579562993838,0.3460963111747673,0.39689642722955065,0.7118803993178345,1.0269706026074805,0.9886311989735229,0.8747717224031966,0.7621941433285354,0.654769296635982,0.6557540025918077,0.6774224625592118,0.7472846853159942,0.7632726498646336,0.8161732574239686,0.9716203484194471,1.0455911052931266,1.4634780495573867,1.636237743759402,1.4958714169564293,1.154828660903176,0.6872826379084171,0.46993766422539074,5,30745
0,2.106449193431889,1.7531314512487455,1.6094971362041264,1.633577899126491,1.8519682796250678,3.0039927115187135,4.985306162138779,5.667802250770564,4.454493932784645,4.650108043505766,4.978383212415723,4.728232010502723,4.8952561985479575,5.12784114488833,5.120077789142464,5.976777977867806,7.327520411203815,7.833275566053843,9.449047805342845,9.34725988531441,8.547276113331042,7.5808527488073,5.643487162680722,3.4860889071698424,10,4388
1,0.6876902789418602,0.6387024668605872,0.6138114239275821,0.6029367898202354,0.7265485171419549,1.1885536318976666,1.7918543825233404,1.8708553438431248,1.7165618386165962,1.6724270436099669,1.4961511769895823,1.4938622492952613,1.5483778559465566,1.5859866603219237,1.6384067062658123,1.7028756417200306,2.0259849984051828,2.3455898348303026,2.827685263437495,2.941360862126431,2.642693982413801,1.9208876866960274,1.32518155485466,0.9072679581261905,10,17999
2,1.4025106242152876,1.1793074886081742,1.1721177028632388,1.1584049112650041,1.362039221056366,2.1064826242425716,2.871010722566802,3.3984755418423074,3.4218205817728844,3.4778712259739857,3.438774351592836,3.0569588693966256,3.4692132306958325,3.7586574974593705,4.077809275887334,4.617855190959735,4.858475116575555,4.629414825378139,4.765397250786638,5.205426830902267,5.130415217924075,4.182854183102978,2.975743828780459,1.849148359348794,10,7385
3,5.597197846294257,4.453093134171141,3.064619271267278,2.4291094741449246,3.293338226373582,4.463285961377075,5.121349674521708,7.404669931389731,11.031998357924271,12.288735303053866,13.022970625899392,14.046102933366514,13.543114392829489,11.373671569952778,9.10829410793296,7.856401960797655,7.697511432753278,8.401949360917987,9.609727158071165,11.203514708023448,10.48421897110986,9.062710805509994,6.976968954493797,5.524119278038638,10,930
4,1.4401057928938892,1.149063432265986,1.1682784697719368,1.0983067609254624,1.2962891235121137,2.7768093493703345,5.487862065498599,4.815276781719171,2.6396027210483095,2.3022244068421465,2.1590746539502477,2.229630292411771,2.0500197568881604,1.975655951155,2.0013878593326155,2.0351547248178385,2.114864799488031,3.6296210874028283,6.383891047410273,6.499601730716643,6.108747262256857,4.891224107991238,3.1148826933356943,1.9072007189839912,10,6336
5,5.380392131486944,3.1049019611057114,3.2715686292697996,3.1142156931991667,2.1470588147275,3.38480392281039,6.741666675928762,8.129411769556064,3.7196078602881992,2.8490196015028397,4.816666659698181,4.5289215579921125,4.387254877563785,4.922058807685972,5.674509823979699,5.054411767379325,8.51029410286277,12.992156879428556,13.333823497973238,17.810294033557764,18.352941212408684,19.627941112307944,16.37549017369747,9.546568688954792,10,493
6,1.8885937891651527,1.6283450042838048,1.536297687596879,1.4263282477810029,1.5106767361782782,1.8094786342772124,2.9780544853495323,3.921726627541049,5.848865450934196,7.240102169854457,8.897736568054114,9.623764628490576,8.139566562400548,5.99130293361514,4.766284900129426,3.504388026538872,2.6818350339491,3.0711116561876137,3.661263423717087,4.6440733658560704,4.302035747539691,3.980830667552301,3.056081289217314,2.0765990793412805,10,3126
7,0.23188807973890688,0.2430190697769847,0.174895500176047,0.16817829969028633,0.5130322281336577,0.7883150314748811,4.744733606579533,1.172264300620085,0.4940539628201932,0.7622827936552073,1.0316981543182282,0.6029016024972262,1.0720249797724057,0.8517042267544751,0.8960081999369881,0.39826697085640933,0.7001622844226004,0.7176426330091137,1.0299780689964166,1.4615635030233023,1.4135644480978187,2.3145623574131413,0.6189298200502731,0.3937530496076011,10,1335
8,0.27540065995788643,0.2721420886733493,0.2607544005184659,0.26527301732316344,0.2927996828095116,0.45457212579129885,0.5556494070243141,0.5491509788166347,0.5109703450833255,0.4596141998298542,0.40674984960118277,0.3934203316698333,0.39615572754215295,0.40924291976826466,0.4148022033072872,0.40577235480833096,0.4577725476902613,0.5213989881304656,0.7939888853316601,1.0003957824279481,1.0010786906450593,0.7723766261301112,0.48509279179388926,0.3290461647562954,10,18930
9,4.312847218191665,2.788194440667414,3.0409722249023616,2.721874996579977,3.330902756553971,8.917361099428188,10.210416662429148,11.508680559280847,7.291666661803094,7.039930553692909,8.210069456163586,6.708333302703168,7.730694405486187,10.092013876005591,10.48194441768444,11.686458331429295,16.289236116326517,18.28888890809483,16.116666690342953,14.919097166094517,17.179513913061886,9.974999991556007,6.555902765856847,4.707291647998824,10,459
0,1.5172231334336,1.0551060596480968,1.5149545409067564,0.8945000035067397,1.2145833266390995,3.9279545479538767,5.495484831658276,4.959606053392317,3.082359844226052,2.686909109805569,4.065106032162229,2.5962499835048667,3.3685605975827486,4.425208318244779,3.335492421534252,3.4640757470589247,2.9372575606473474,4.812053027647462,9.78713253637155,15.074356002789557,10.804613598819936,5.805340940753619,3.6577462197253197,2.2146325741866324,15,1261
1,0.277939217533835,0.27327655582067156,0.27011266371648684,0.28488314160306444,0.2972037136129753,0.504894918650792,0.6149032156027088,0.5538112495950229,0.5479721904456418,0.45657535017978323,0.41268862315988486,0.3906030803269146,0.4006748121388815,0.4058570724408512,0.41367999064272926,0.4207669215173117,0.4670025379753513,0.5141725075119287,0.8107844816067034,0.9832406759973721,1.0003791304012764,0.812293174108728,0.5069245415815139,0.33264900445318674,15,19076
2,1.403345609588003,1.0684506826269635,1.1912325469897156,1.2016015684806265,1.2872933434916654,2.1266061833114986,3.8983214712217724,3.7264502139621847,2.682549049453576,2.423609588341954,2.360889310904024,2.190372721481014,2.2506630993017582,2.2441047772738463,2.459642099200891,2.3629045098425823,2.5011741294629046,3.5162525330973944,6.216904598268877,5.798446665507972,5.536591476472396,4.706489114886597,3.330766628447613,1.9322823777040434,15,7271
3,3.7924242369431154,2.8940448626063957,2.0157564110242023,2.0513044795594535,2.387035250735398,4.02567309482644,4.621548097341871,6.295721152439142,7.009746794899305,7.736942294841777,10.627397439848538,12.264990384762104,11.381445529608007,10.85292631530991,10.540073723938223,9.975217955043682,11.406903854547402,12.105993589147545,12.874855759816292,12.790249982705483,11.10474361746739,8.104993591323877,7.3269743519620265,4.867362149250813,15,834
4,3.5249999562899266,1.4083333164453506,2.1166666373610497,0.7916666592160859,1.1583333524564905,3.47500000273188,8.766666690508522,11.03333342075348,11.800000111262007,11.508333245913189,11.983333428700767,11.15833334128062,12.133333365122475,13.025000015894573,10.166666785875957,17.550000031789146,19.608333269755047,16.558333317438766,20.96666653951009,10.316666781902311,10.108333508173622,5.441666702429455,4.550000021855038,3.5916665693124137,15,153
5,0.5437461630076301,0.49432185900308745,0.5025757258059207,0.44885104141933774,0.5680295098692756,1.100395473641007,1.7680612423436246,1.785630430661363,1.3920319899675084,1.269510215504688,1.137419552967703,1.1139380309153808,1.2740355884624364,1.4241873089882913,1.6089251445241008,1.724345096585811,2.0674987147187878,2.4241023466557996,2.920996079111965,3.114436453404374,2.7466515959257465,1.9031358954601487,1.112190058489409,0.7262781111711172,15,13381
6,5.277564097530185,4.140384612987058,3.457051262450523,2.398717946253526,4.159615364403296,4.5724359185267724,6.75961538308706,10.216666659483543,14.056410266802864,17.599358998812164,15.113461575829065,14.824999986550747,12.53653853558577,8.753205153804558,5.324999993380446,5.804487177911095,6.633974333222097,5.975641060716066,8.62628207451258,9.088461541212522,8.096794903278353,7.4391025849259815,4.486538437314523,4.494230753336198,15,475
7,1.5407570129484582,1.2333340607122298,1.1179986536715711,1.204038617053912,2.1256126246743263,5.089591805363694,6.144875252853547,5.024715832053197,2.9850247394896696,2.8199996985211264,3.4261782655758513,3.2440578648873735,3.4879404639559133,3.1266886110284497,5.251134160838666,9.29476999869304,8.19953872419539,4.490316360940535,4.854604559657829,6.533844710588455,6.687292642941077,3.8362390298183477,2.592225978637025,1.6486642874280613,15,1586
8,1.0054509820087638,1.0035867835367207,0.8821049741398669,0.884850975597898,0.9497192898940766,1.3351754142746501,2.176589807855158,2.6436834042506483,2.7400117660699217,3.1158671652307284,2.863723873619376,3.136676158085037,2.535735280425127,2.371847625889055,1.965121538482778,2.0910758856294316,2.0201771085388187,2.1788575436474606,2.1392342306810552,2.4556974972125096,2.6733028728900283,2.3633231105578356,2.0246174198132136,1.4701166517689996,15,6208
9,6.021251051714926,5.671345225757077,7.132702397359979,6.287083348702816,4.0443214030847665,3.8706070945731232,6.665071439884959,9.2280714625404,7.1009881219693565,6.252452393018065,5.804261881858111,6.522797588791166,7.236738077586608,9.85460711802755,7.740190523011345,7.295452418071882,5.2080595172232105,6.076107161385672,8.856583385240462,9.307750036319097,11.617166661790433,12.30689286334174,13.295297642548876,8.034059537308556,15,477
10,0.10434782803058625,0.10434782803058625,0.10434782803058625,0.10434782803058625,0.10434782803058625,0.5043478235602379,1.3913043439388275,2.5739130854606627,1.8608695581555366,7.930434703826904,1.6173913210630417,0.13913043737411498,0.9391304284334183,1.2173912942409515,1.91304342597723,1.5826086834073068,4.817391324043274,2.0173912972211836,1.7565217301249505,1.5652173578739166,0.799999988079071,0.17391304522752762,0.12173913270235062,0.08695652335882187,15,264
11,2.10077800945365,1.9454954524007106,1.5228132033631911,1.5878456937099892,1.4476728168192996,2.5875046633716137,5.137564302005228,5.820766276574483,4.032832064982207,3.7968598421209707,3.621394804271835,4.158487681088546,4.240590403912954,4.327525241702559,3.6689431781254744,4.5112287271767855,7.065583623929944,9.049041245603767,9.546639885796756,8.499910934111744,8.717185708044697,8.805361641809426,6.6672320562321215,3.897115139456258,15,2771
12,1.2762855660311427,0.9101929371519124,1.028309518896847,1.0859811398255474,1.1767456354482067,1.8530757123038317,2.778298956411435,3.310729479650949,3.0885776843693034,3.0155831662244066,2.358540247001232,2.773535211198032,4.042212103714473,4.6172412606120545,4.7993966903902745,4.824965636444953,6.743216709020164,5.59642506451072,4.608986944301675,4.233358201475851,4.2481726757232465,3.2379837977553847,2.3994871572609626,1.4261045886367998,15,3616
13,8.425000017094943,4.811111122369767,4.018055584902566,2.4277777355164285,2.015277737958564,7.593055506547292,6.897222183230849,10.352777711219256,5.702777686632341,4.8888888483246165,7.416666612029073,6.262500011258655,7.241666522290973,10.058333211474947,11.69861105663909,8.840277776949936,15.497222143742773,20.356944223244984,23.720833407508,23.66111095746359,20.802777700954014,20.038888845178814,16.34999989138709,14.068055522110727,15,232
14,1.9104806412578514,1.55702100603856,1.6075758728952638,1.4203054266700903,1.6748793559208035,2.020503930012799,3.142713334723302,4.475848468764137,5.8295952866208705,6.994659938018709,7.871084968569794,7.6499937078398155,6.589616275203252,5.7117125544563985,5.076083551875006,3.748432404981069,3.4975898443706446,3.968752673723632,5.1153440713557226,5.668160797807848,4.951122583834721,4.063365769166025,2.812653988828912,2.295564310499541,15,3776
0,1.8861415039458036,1.6358384949343296,1.686654837316636,1.6814786729374622,2.1301827513960876,3.4777899322118793,4.650901878307189,5.0471107730171605,5.145631666170115,4.7688466729041235,5.053961788247706,6.664473289883499,8.513404424325799,7.980272722146427,7.367762189756403,6.051162304594702,4.69731022362795,4.694889302068209,4.723356114298745,5.3888414245117655,5.276868544347736,4.488973377121972,2.8766621925425944,1.8614287157053828,20,1797
1,0.5882800595773647,0.5614801470421152,0.5254893737231415,0.5080231260168142,0.6188725782561739,0.9919182359125857,1.2587944056703055,1.2787743463680505,1.2138501635883427,1.1374889218832769,1.0593385373832251,1.1021103253153666,1.0500520654947536,1.025156890407484,1.0030818681676947,0.9850305141048484,1.1657901089081115,1.3732677343875572,1.8963589279986524,2.3038820182247512,2.280533753027289,1.736076699800582,1.0828318865089337,0.7416829851355692,20,9925
2,7.034848489770383,4.794191921524929,4.739898994659083,4.329040394230473,4.0568181609151654,6.572222194888376,9.565151475859107,12.560606034717173,7.134090880628185,7.93661619120776,11.346212115289285,10.322979823356926,13.180302998333271,14.651262619579683,14.966414104657943,12.689898993518918,12.000505065413734,9.388383833446886,12.40606058125544,16.741919192099818,17.856565684682188,15.3535353691891,11.419191887207104,9.124747484621375,20,326
3,2.1636960424651717,1.7935769700376514,1.4481297726138629,1.4237455483478596,1.3769268461766133,2.0741653992360773,3.5323066165618617,5.289175567323814,4.548229638539235,5.847364492984559,6.544496802722148,5.181332050573849,5.429286894784252,5.1814306539082855,4.339085240381519,3.470907749034673,3.6630706076744852,5.5603225053342555,10.369261433548145,11.489658373192368,9.411404575593295,6.384050890836514,4.574456741730027,3.212319330722282,20,1471
4,1.3128727594628866,1.0831282383213796,0.9805698156176659,1.01312504658839,1.181869958205364,2.4572446859221335,6.191589198726036,5.626840804720584,3.0105609389205363,2.352402846713346,2.105414570051773,2.0622118155637654,2.18134095000814,2.1680620217004187,2.313585321008772,2.0804799667049685,2.1160402638795897,4.3428178793414505,9.057882337546257,7.642630002829077,5.755897003149094,3.92760208907291,2.541683151948046,1.6567546543409482,20,2273
5,5.322916663127641,2.758333327931663,2.0245833300054072,1.921666655441125,2.313749986204008,5.389999980541566,5.389166641483703,6.202916639422377,5.112499989072483,4.448333320207894,5.510833332315086,7.487499986588955,7.034166611482699,8.762916616350413,8.929999976853527,8.828749983757731,18.408333342522383,25.307499982913335,21.096250030398373,18.878749988476443,19.94583331942558,16.604999960462255,11.936666602144637,7.469166679556173,20,222
6,1.5734574502956624,1.3955855608206988,1.3562749724183116,1.327898622568375,1.4534963383796018,2.7112778675654945,3.9781047933048157,3.7971374439567023,2.6443984372006724,2.3848721352528868,2.522279384841756,2.268159837153006,2.3514147798730938,2.441048570553337,2.4703168667215216,2.282574925094393,2.345502882022674,2.948958189713083,4.199259747882186,6.094026104416434,7.1873690316347165,7.497436956823487,5.577516550377512,2.994609426120188,20,3099
7,1.16118872045463,0.9924616004332706,0.9666155873817713,0.9755605791284042,1.2154556841832664,1.7624330723936537,2.377978035750109,2.683534961925401,2.3488322268584234,2.3291030883565784,2.2149260753196813,2.4779502713277672,2.3537903139716367,2.248668628643544,2.3856811623362746,2.790987189186887,5.145678597133244,7.901767726003365,5.602114329369026,5.139989133179189,5.0249985540111375,3.5216458418428918,2.194421448499845,1.5285789074409868,20,1976
8,0.22892917070683957,0.21108507079284355,0.20247911932063392,0.21209422720185547,0.23211164773929396,0.33076170311569075,0.3861288172883919,0.4231697756003755,0.3686108188307513,0.33765541847845987,0.31278380030136677,0.2777774029129934,0.2893884906381645,0.3180434927025855,0.3209061908339884,0.3390293131344838,0.3418669502242824,0.39963402614802174,0.6300323863670413,0.8012057676213314,0.8195423304138547,0.6177673997839449,0.4042392305825896,0.2776168917243371,20,14302
9,0.7195373013146693,0.6046987161135825,0.41194230807610815,0.37615705517908704,0.48680769305867266,0.9966314137937169,4.636099315463351,3.052663474534758,0.9466570434041132,1.3839743816031098,2.0846634657623677,1.5229519257465234,1.3673621821575437,1.6999391230205312,1.972958342554286,1.5655577059787438,1.9516602638296972,8.337368629633996,10.264112169161823,3.7245288271552477,4.003589723832333,2.6161826956921663,2.2615865170000453,1.3090705146822033,20,649
10,0.3721176097850372,0.2931516084102138,0.3240695192915154,0.25172910928765,0.3468776050237162,1.105501981821726,3.1140343040257,1.7532430335171132,0.8113251246279104,0.9782759301868887,1.1730635247397005,1.1735124012212816,0.8652867970561298,0.5566812718102787,0.5311774211421529,0.608385020274242,0.5836929342108003,0.7901071057693723,1.0972184654752106,1.2633062129005943,1.3440845196542794,1.318556270763899,0.6815449521236587,0.42719486144875796,20,1958
11,0.8295896757426506,0.7157934182906264,0.6967206344336601,0.6681635553505761,0.7669106283852526,1.1643355094049272,1.870889498037589,2.811401997364543,3.2003927652135844,3.1253898112295047,2.4475396588041964,2.372411749804873,2.655748194795442,2.98031344499823,2.827768144699501,2.8272044669299783,2.4288546571442797,2.0829801200276563,2.270610150871976,2.4126677512965946,2.4090679799481585,1.7982157050666434,1.36830419246126,0.9415442850977721,20,4467
12,0.5590743672905697,0.5316056537321874,0.5094534536252421,0.5428805803019139,0.6974288639430373,1.0762600710052581,1.7470285985358058,1.4038619325976405,1.2506284230620492,1.2209086448753044,1.2203743920293115,1.3129028278216717,1.1765329195327228,1.1847308195895618,1.5535966174184448,2.249226176492041,4.369755249468818,3.594210091621512,2.381642391699883,1.986693304960098,1.881002196081811,1.2805069796732729,0.8928695173925824,0.6512263039184943,20,2973
13,2.8136285963627063,2.218489231623319,2.0203414666229014,1.9010198201278066,2.4865602387224945,4.356506939466094,5.8410354965616,6.564551610907453,6.469044502098964,6.084318968222716,6.435601792329912,6.255187754532677,6.705308001232792,7.165926578763897,7.935351917930434,9.098634055006057,11.787828263707365,11.882347065609652,10.40320589844308,9.71442159486362,8.750938467437923,7.7844480262351,6.086410121729269,4.509912001363497,20,1195
14,1.5551490726941408,1.2887244579979842,1.2297291011293423,1.2861897327122283,1.350111820017919,2.314539673537171,3.2865341143443407,3.8211505369535494,3.3143151503130013,3.1231994785668293,3.0676465999561158,2.8591260987690954,3.032514195125549,3.6764935645845247,4.563294747114027,6.487547391673239,6.993549163090066,5.295034161755662,4.988743206032862,3.896387993747679,3.510522574167699,2.709939718743942,2.2444588570909874,1.7440192952814204,20,2325
15,3.27368421263568,2.4168859665086004,2.141666662969152,1.7835526353222109,1.9656798319662347,2.7103070237575793,3.4153508877855514,5.638048260276645,9.731140347687825,12.830263171720793,14.434539534821457,15.566491243373928,13.107675453451902,8.57478072464041,6.334429845540669,5.21666667670861,4.8297149124473595,4.920285106963366,6.519407926143652,7.957785095235238,7.479714936789192,6.0008772048903145,4.237390363621606,3.1570175491404115,20,988
16,4.636262818213577,3.3777532065287232,2.5981778821621373,2.6260368541742753,3.3668205010083816,5.161233997796302,10.001719553739974,10.152028868750982,5.703557697387461,4.483346148131367,4.131945236413447,4.628929481734162,4.471871785012386,3.68121793679893,4.24916988107352,4.420722764510755,4.734717947168228,7.2681122080733385,12.118591358837408,12.247346175165896,11.970852588709347,12.968544859630173,11.569091357863869,7.641932709596286,20,770
17,1.623502350489097,1.4781461632806572,1.3606752859859184,1.2038329359577264,1.2515293420676856,1.5751827521828257,2.282991304193617,3.4003722003081163,4.804149425171367,6.101691994906423,7.023208847539329,7.155786140578013,4.997398084569592,3.379221611091643,2.918212301828337,2.5668748212790646,2.580040455168337,2.589507890066251,3.315607238984171,4.431590093000667,4.3337426716173795,3.6665800113590246,2.6563024672099673,1.7488517113801436,20,2779
18,1.7095461983347209,1.4831300507336018,1.2946437147589924,1.3358222810437055,1.431489111065476,2.9260346356467157,5.171435547506288,4.69668984986717,2.986351974981402,3.256225871889951,3.35510130317723,3.1193298868460384,3.3035885301340553,3.6188329598854247,5.231665390378881,7.307628258422462,7.971175505506008,6.699211113437234,7.296819384639572,8.335939832514555,8.521322453232896,6.557131656033145,4.504478987152353,2.6828225901409337,20,1853
19,0.8022289291851247,0.7531373146499375,0.7823015695971395,0.7457514256333949,0.8879857129388636,1.6716196032772381,2.734494543468088,2.3706282154756853,1.7342815580718163,1.5990475779906363,1.5197903532213044,1.4987796906502162,1.5942284086987615,1.6809129800369393,1.9240222149235788,1.797637937627158,1.9830624428441828,2.9462123254869774,4.3694161421786175,4.307029088791614,3.2265701720800393,2.3382535022922273,1.6658036574659472,1.0779524394019346,20,6033
0,0.420271906047259,0.3918809912648706,0.37720726941057153,0.375672847191141,0.4650607973380952,0.7241776024341359,0.94849454260838,0.8959358376690632,0.8559415920928999,0.803602178677037,0.738132064744726,0.6967631788848082,0.6922870190155862,0.7096562588889925,0.7397082124692756,0.7890282611752394,0.810107048205612,0.9435424156683297,1.3691194430765201,1.4656471705942506,1.35442475859437,0.9797860113743975,0.6631408552152044,0.4900326788869396,25,10322
1,2.8553267567142218,2.3494322269915706,2.0479190859048115,1.9761010223779745,2.5229760240965247,3.4468133717961154,4.194491500873153,5.61611142104801,5.829096037419704,6.80321759939739,7.687419293244087,8.15995373387219,9.122401670413845,8.431543946929438,6.860813378098218,5.820039636249829,5.070451378999566,5.856765229391164,7.9677748857608055,8.891018731387382,8.553995478786277,6.9504324048006305,5.015259714218761,3.372023058730093,25,1192
2,1.518615398387002,1.2716950499325461,1.158173994335063,1.1265091477028113,1.1745584565491713,1.4279945507045007,2.069599444305493,2.64520360804317,3.2179295946092,4.193090565012021,5.308265736426356,5.508813272398719,4.664268771472318,3.4064573730683887,2.713364729739863,2.505098770213387,2.4145374930947088,2.5223986639524,3.47873274833614,5.494424139900093,5.2336811115351995,3.950497895031465,2.614293854876673,1.8052344063938308,25,2312
3,0.15680671693601655,0.14229671161752153,0.13526937154982094,0.13516392354528065,0.1456196152255515,0.19735693592962186,0.25049511519083023,0.24083031006338076,0.20429296219616944,0.1865744277921589,0.18175625197919418,0.17493807028564953,0.16839450655783078,0.17478415772215516,0.18270463533454648,0.19072806267463843,0.19755255818448803,0.225474104123585,0.41108637271048104,0.6255813861241745,0.7071968031345834,0.5600404636970705,0.34162398300942765,0.20746872111271822,25,10419
4,0.5486001863232586,0.506186298222772,0.5141580918459152,0.5444462010088421,0.7128799268439905,1.2833218284028711,1.8552982899146464,1.6758609602591645,1.4010547315839246,1.2938808317745116,1.1734181359879068,1.1514689429065155,1.1285899374672517,1.0572892382389698,1.176112375544351,1.681705226684159,2.7964964000183987,3.396827224615313,2.8940007407219674,2.3265260284709974,2.051691195376362,1.4934726000153915,0.9615038909508362,0.701407078304528,25,5128
5,1.4045921258198133,1.2573224284664366,1.17745649156853,1.2067692426118328,1.4330574332681394,2.691258214333227,3.8162697370847107,3.5440208638627313,2.9899131723836474,3.0567984770001653,3.158179458284555,2.7334694418038192,2.703619972577012,2.9029503987227443,4.200430615591807,7.582312085885854,8.23868968626114,5.494390968569823,4.587738329932795,4.727651695051837,4.762497931471375,3.6681464851212136,2.5722868250489914,1.6558168389195533,25,1973
6,1.4338270667224946,1.2169521908667693,1.146863580988094,1.0889996713525198,1.2520318654995717,1.930249190465529,3.5246497360009665,3.8321426315987797,3.042200578280087,2.9980621398482925,2.751299272525565,2.641794510534151,2.618958530575852,2.598920762365762,2.714011849040672,2.7152010978040444,4.6633194030146745,9.089707773666346,8.695134239052678,5.9999512861259,4.849345141157003,3.6009663254008726,2.6490596810755402,1.8968893379735396,25,1980
7,2.2232637331672667,1.7424515479247658,1.6305104547682407,1.4882312032023757,1.3938665077379362,1.641134500798628,2.048046241847292,3.3348276046440635,6.138536391397812,9.359527634938342,12.334261459528744,12.973161147252782,10.294880274637563,6.229671382889376,4.5766006178336065,3.355127564155445,3.026068857267714,3.2793336342585815,4.245115596517945,5.460041908367537,5.347323781149751,4.551486016924835,3.10672285768777,2.0283742555358124,25,1020
8,2.573577825144029,2.2104435889313936,2.0134895843447844,2.087191623152353,2.6013077798419593,5.679421787708121,8.8657926699167,9.024261211825584,7.82661734353429,8.16304737748578,8.477617735255501,7.709988797843489,7.975187510920324,8.642683379346247,9.206308966916946,10.846902516588525,13.013609870430662,13.959842779304617,12.583082939697276,11.119430431984838,9.392629737368324,6.845710501049899,4.7528402108212875,3.1195774387038147,25,581
9,5.36095646494805,3.852868524458212,3.0887055595968786,3.0787827249961293,2.9771496974575666,3.9191867394993687,7.0095268623604445,9.370769453754672,5.977351861677051,5.363567602006653,5.542460808162518,5.416392265742709,5.823521609922613,5.814733029361588,5.292929956482516,5.202646303149283,5.922726232321634,6.239077783081634,8.401803094686738,10.211267890542006,11.682816349852969,13.602645668424213,12.614992295941459,8.80183581361938,25,391
10,1.7318561289530274,1.4635645617479607,1.3116268680642418,1.3036659676233244,1.4021233961644288,2.0314677850036764,4.147546812424558,7.468974357644663,9.611476457248692,8.510671431163999,6.278528132795092,4.948031579782534,4.362263478399781,3.4995495186779295,2.993411315425461,2.5318188311178615,2.720810640547645,3.1237791040556173,3.9205020273646762,4.298843116091344,4.251746195569766,3.4193234839585283,2.378375526398016,1.8099308636230016,25,1215
11,10.099086858687238,6.458312607368433,4.923166148334439,4.4846823011722545,4.516773711750752,5.054780774785564,6.1192651234040385,9.881173713926717,9.368181267060871,10.039391902518094,10.965593923312257,12.332712603296446,14.682643396520254,14.265452001789447,16.091333812971914,13.558953520392226,11.172764116661122,10.975304519607114,13.38470149490643,15.83923683711375,16.429037873612526,15.32213533020983,13.384415652866311,11.76224999947078,25,214
12,0.7009688368067292,0.629780471170312,0.6201465152811034,0.6438537560509577,0.7625450123493125,1.2020250118917581,1.839262858530021,1.9861128552254999,2.0547143922989717,2.0562023840742136,1.8838269319595116,2.0860004554694194,2.6348003005046117,3.087248183384496,3.42675393485872,3.2051888394037116,2.7236131336521345,2.4267124985916015,2.7474288079014495,2.680433268532384,2.330608023798719,1.7220038881436497,1.1265542206198282,0.8308543150129923,25,3917
13,1.6030676682397567,1.3217296663823062,1.2892097252279016,1.2463741455224147,1.5364930746223477,2.5726626902504,3.579080061404996,3.6561177836385808,3.362851535638092,3.7173510659851856,3.9353511964736114,4.70963153026149,6.663943807778792,7.16621047214439,6.762133165160569,5.267065361249485,4.841041845512086,5.0629707456652335,5.248921937831617,5.042662771666948,4.369562961606729,3.431020693904709,2.5524729934513775,1.8711742855632534,25,1652
14,1.3161326568576721,1.1189654196936312,1.035410005487074,1.0115288725194973,1.0340792734290196,1.3498401880705757,1.997586987726771,2.591507424590504,2.8564152253619115,3.221773736622247,3.1126399380178085,2.720225460542766,2.034697760374685,1.6495097881485916,1.4448528882064569,1.4004597448025429,1.515770034674697,1.6394464758783056,1.7822338961744908,2.0874618368289037,2.3257087842996134,2.386578504857012,2.100742734930735,1.6529571357537727,25,2992
15,0.8225545610507173,0.7402909397553976,0.7114660271058018,0.7289013654873596,0.7870568999588267,1.3285660920919975,2.676748765175066,2.7775257918034337,2.0419094600828425,1.8729887062514545,1.714394705329698,1.622880594511479,1.526550802957754,1.6034128940285088,1.6495133094718428,1.583225315816126,1.7995961670982878,3.2674313674067035,7.460404105450508,6.495688626103551,4.014784752826688,2.718385864497742,1.6999977724791056,1.109830055652177,25,2771
16,2.0490686648629137,1.7666240273254799,1.57302925634307,1.6207784631797757,1.7377068025019196,2.9109702973277187,5.527928642377641,6.215261981245603,3.991290253551247,4.1332822783039775,4.214692033007554,3.9938587082999453,4.3080739302849755,4.302550519207967,5.018324608870407,6.372448823800079,8.774995154175445,9.991051975875976,9.863665918963065,9.313766240282076,8.82472121185781,7.674144365333833,5.338956771505342,3.2633582318018473,25,1364
17,2.222661763126855,1.7438373861606868,1.4026200353829459,1.367477334594681,1.5935424855944385,2.1863381366520134,2.9835783831508635,3.993217405552665,3.0938704296361417,3.0071037662128792,3.5545565495748,3.6143731700547397,4.254662513988413,6.549206938541592,9.103924753952187,9.015711478611383,5.9918715340610325,5.038703627146485,5.861544374789048,7.1748406351815435,8.074091129326124,8.14066199176339,6.698373026644926,4.365452616672836,25,597
18,1.7540875427056053,1.4425177952685044,1.3739064439320052,1.3260106674405903,1.50345052033505,2.006646157571148,3.2242556524601214,4.04417987233447,3.3494866892739346,3.184713658006727,3.1151495180020254,2.9261162438628885,2.8544083753826435,2.897703065265147,2.6650869020257195,2.4408278887506034,2.8241726249279684,3.512678748865922,4.6876016114113135,6.409630142500183,8.410400334967452,8.976695168723204,7.302393982178009,3.917323199900728,25,1596
19,3.381759661733464,2.575679551306394,2.3408440592164497,2.2462446329973993,2.3367668103362744,3.3127682374201393,5.032725326309192,7.441666671867682,11.05797567265975,13.755257525008291,16.786587987612094,19.63644491412139,16.006258935983364,11.861981403506295,8.870493570966211,6.835872680399147,6.414663822572674,7.930078682349789,10.183905596033437,11.117453525938068,10.368490700824493,7.917596579149618,5.963948511208098,3.606938487419775,25,352
20,4.113686511625078,2.9859326091531084,2.6940661888596993,2.8561930307324097,3.197460189479971,4.367163004828436,5.318764112195839,6.684108451711852,4.897083948676789,4.388189957276279,4.649539217891576,6.03822119838065,7.017592522936562,7.9128143370571475,9.658151337566476,11.830924026321108,19.785082097512234,23.938400678044445,20.18496016003922,20.920501233096783,20.377193599501076,17.202670317289286,11.51826958666903,5.7605496526093205,25,180
21,1.354486029228538,1.2462618439259543,1.21005604064872,1.2465096759371925,1.486959928657021,3.2220579728295573,5.579820077582705,4.183810352106462,2.3326052830579878,1.9781543326952464,1.8564184240611539,1.8482919270296905,1.981871060015121,2.0683672924907754,2.2275978028861187,2.2195370299979458,2.505420172985083,3.2042382197453567,3.9353379616970225,4.686505090076426,4.930111052287321,4.3392958908498835,2.8591700644387976,1.8782739156282278,25,3202
22,0.5810963943850164,0.5203978174233277,0.5003670546426859,0.4996080532851325,0.6349747085023325,0.9936859570875906,1.487404908632969,1.5614343240046558,1.2689956093391792,1.102153138742523,1.0309688627296403,1.0089418129870935,1.0587738071469392,1.072500556334073,1.0620091976782016,1.0092693428892276,0.9839455628593521,1.143662226419863,2.3582445419428293,3.953069799409604,3.945118186201323,2.9209356308222696,1.6130061204518973,0.9130129568352595,25,4128
23,1.5889396869892969,1.3968049712758561,1.256835029013698,1.2276608526307833,1.4096846355735764,2.819249576539814,6.171236775742094,6.319570793777154,3.0596032350446123,2.569599315401917,2.577845433001411,2.377182438158754,2.387186147286615,2.5003776121915866,2.769837023837592,2.649358253117329,2.742148141283047,4.8263763589919595,9.725339335517026,11.690745648560611,10.084676500100267,6.964985406909968,4.100564914959417,2.2695889241348794,25,1476
24,3.1055956941895997,2.329529058367929,1.9276318545432816,1.7812861829665259,1.9367124449049136,3.2809065238944357,7.225844287309437,9.45491993094165,4.830304810148254,3.4519210557265447,4.367699639991289,4.953335895101678,4.53827877620791,4.392514241095469,4.171299338208003,4.776277960619169,5.403502181736066,8.587033714960214,16.26210113988757,18.12457565094033,18.707645268032415,15.91882648255285,11.064848954721942,7.144866497221144,25,407
0,1.5466145381990686,1.3168637626390078,1.1642044933321096,1.1748536263477527,1.3136243752020842,2.5047079803936634,5.964020141361811,6.384813602330535,2.952957036305755,2.2794276428563776,2.223636985145681,1.9930032368701496,2.0537718962075306,2.049333435733237,2.381245584420952,2.2807235403639465,2.4820913696338778,4.496835700730372,9.58554025251545,10.955999376612203,9.74009254795225,6.908046769206682,4.110314368405399,2.2205232997469464,30,1246
1,0.5789009754482174,0.5179951817219693,0.543677015629338,0.5791613129612462,0.70186801694133,1.2022015371479857,1.7420897049644062,1.766550135923839,1.7967321535788636,1.716658443129839,1.6114621768724147,1.628113037654149,1.9648016422285772,2.4863448324584967,3.025905893137491,3.488732821441784,3.3442512761267755,2.6519884431607106,2.480486190345588,2.4459128569192736,2.157990226649225,1.519292015041656,0.9677440595399089,0.6999419551372535,30,3160
2,0.38100402507904574,0.37082948516748565,0.3681726669460642,0.3737724871028765,0.5640931880810461,1.2466261364512943,2.1079368205005267,1.5611867391641765,1.21012588138855,1.1143884677965366,0.9735494654649789,0.8922381722381968,0.8675358957479374,0.8746911946568701,0.9177998913653883,1.2145815082552265,1.5812578760867555,1.586581768623053,1.722643095706692,1.5489404028254428,1.228242180547628,0.7585799111254931,0.4771570336845149,0.40095799827314443,30,3588
3,1.9922765694833402,1.5861343567131019,1.4237432656870748,1.3908504684027059,1.5066100956859114,2.3424920958068025,4.610199625843377,5.5137512681619985,3.402125011466319,3.199225179003417,3.4059936029048328,3.6949752746389732,3.8414567402473088,3.971223077003555,4.122133529459673,5.284176523767988,8.136497175048332,10.714445867040556,10.600737334262314,9.925460144887309,9.885989616646063,8.739182195479291,6.367665578145794,3.806757583941957,30,1157
4,0.1686928469198086,0.15441057130309008,0.14820657487305836,0.1489821374658891,0.16244289989506802,0.22456772169098965,0.2867989081413428,0.28216059845209407,0.23223553524112256,0.20814269901687651,0.20724005124018444,0.1958168598210634,0.1879496209296332,0.19532306115334153,0.20336266108895873,0.21222004524182225,0.22192090180918006,0.24910195723046438,0.4373413101829426,0.6407337833547394,0.7128594301888546,0.5630349917893984,0.34579310742270997,0.21636114945636786,30,10131
5,1.642849361384365,1.440077773709991,1.3532845672919787,1.2746162676193935,1.4653992259030615,2.2792950045341165,3.383315230725972,3.8697099844988316,3.7940591784618625,4.341831765707647,4.074356767297408,3.7659778742702525,4.021157051335339,4.14065635682042,4.085049900420126,3.589548267764213,3.825713754319333,5.552644761835925,8.703704978909482,6.987085261070775,5.3015493913070175,4.0214743676500575,3.047153350032371,2.1694881417830856,30,1633
6,2.1999088303276575,1.7667531485346313,1.516960210576737,1.3540665566279388,1.3745531199776828,1.6852985985042925,1.9754632863727917,2.884546194134796,3.8109097641680147,5.255009815475533,7.903962039181755,9.753081311773062,9.592050061004752,6.692938360320856,4.8384683373377175,3.637775149063678,2.8534853541391496,3.2496896993443007,3.957324243873055,4.63669283640202,4.742249991729795,4.532413956845694,3.278355151299366,2.275360838519343,30,1128
7,1.8031294506514848,1.4588558567946994,1.3923233911856008,1.3527322158309614,1.6891010090788336,3.0414776751392334,4.757362503017268,4.870719604379248,3.6866281481371033,4.05748842262684,4.368032103057228,4.489894673079851,5.706292812337516,7.189195276307928,9.139437916994181,8.96317871558976,7.1959226716055555,5.981438055766492,6.697062514680583,7.907770789651683,7.717543599256468,6.201659241667212,3.8964647651471576,2.513377228581504,30,1085
8,3.0333494144441575,2.4212404494702335,2.1971302373799872,2.222706698228382,2.584898155182601,4.142262548953738,7.671479090551979,8.951660370131508,5.2538416854471945,4.143222523637318,4.720812723421122,5.625442430573443,5.261704293749743,5.6891161768987635,5.875217735026314,6.316903819925326,8.827877824554125,14.776829431741415,19.249619450282168,20.406344993531782,20.17034137412781,16.114878116916575,10.544896337567536,6.08366965004905,30,322
9,4.351321691415291,3.159307063938498,2.3618838859682874,2.332999506773232,2.4073866413173475,2.970117370460976,6.384109614532554,9.111690437298146,5.145986992574941,4.063482740731745,4.432608273893595,4.524025049951312,4.709620617454254,4.544666419670849,4.649559815146694,4.799264019394332,5.111055050779871,5.322027528552232,9.407917672954682,12.181694919991115,13.810856341554949,15.22502802355631,13.002803313705298,8.608139644601613,30,492
10,3.0818479724859764,2.6330862772801273,2.2946959503737103,2.2544428094976103,2.8135131437437257,4.166122089443651,5.582393766245571,6.657983084480314,6.3356622697551135,7.148216260154775,7.890103902120506,7.167912950142606,7.6256423997874645,7.571035117239077,6.638224660376674,7.001981583172253,8.396520411136777,9.387743032118355,9.700445232208697,8.735472404680236,7.733376425543189,6.62929968522395,5.190846676592675,3.604447226118613,30,1084
11,1.082478561802084,0.9580389446749701,0.992561530091893,1.0396670223651951,1.2285055232263755,2.7586227089357167,5.2484096371285816,3.7328744286534414,1.9515507296435435,1.6778350905121844,1.6073816311448692,1.6303440840181593,1.6742698865857875,1.6884115012908614,1.7771943899714244,1.8483274941543528,2.133072525633176,2.7259920847145493,3.656820409079731,3.835929951814419,3.566714756332376,2.9560229380444176,2.05353374052663,1.4335298534788272,30,2767
12,0.6794283910028803,0.5828064323422002,0.5486332940990442,0.5476958659731194,0.6622829125888463,1.0307767784420867,1.4061028955558947,1.5594931659503515,1.3275137785833124,1.1411150724211874,1.1716891950254238,1.1115704804375433,1.050624836816494,1.1401802857998868,1.1903823178383197,1.1353621137818068,1.136772771824108,1.2918854042245398,2.048996909698696,4.125417794883857,5.994000148682469,4.1789982615767,2.0949169011672217,1.117742081194591,30,1850
13,0.3930928280071507,0.3655183162768328,0.3385243573420832,0.3389850094646853,0.4123158002994277,0.5764301282052973,0.6672554236199532,0.7106510716945185,0.7533961659937158,0.7179398243865431,0.6585628047086703,0.6105727923086135,0.6083350263941755,0.6250686511866149,0.6562552808317881,0.6732947204614527,0.684989068889775,0.8670753192353037,1.3359985297603902,1.5381638952112344,1.429750910546735,0.99544594052172,0.6519341651030917,0.47563525366572723,30,6965
14,1.1517686348415956,0.9729267688740867,0.9529761874924205,0.9177649138808276,1.0438042271045416,1.6352860023186686,3.0501803099666054,3.0717676576193287,2.3050452910736423,2.1096747624601,1.971461744832213,1.9811712062340652,1.8496396996297362,1.756352038873198,1.9331206352927666,2.0755839606761097,3.783979150344857,8.602978644826221,7.266260314657034,5.250431664739443,4.318139102393126,3.1736841993959986,2.2187512514999193,1.4924983128957543,30,1626
15,1.7117598431457501,1.4820930259756449,1.4077075529856746,1.3960672617591638,1.5514137697002317,2.2264804423772206,3.525956033876348,3.774795777940423,2.6938154830111767,2.5264250132608193,2.4814137971039427,2.361329983401386,2.481080319180125,2.5366220437164326,2.65102708564348,2.5307674372039584,2.7918875143162447,3.3279322678522374,3.8690681628150707,4.699715667775238,6.952677627959929,8.320468825847433,6.616041812412517,3.5919041372398337,30,1558
16,1.8431404726355758,1.7615853969047637,1.6106161933008285,1.7181469716821547,2.228138373298622,5.683264802937227,9.900461919533923,8.325825378245398,4.950570604338278,4.109465072763478,3.5876022068614963,3.5576564467958973,4.079815683331023,3.827840715689631,4.035990386505458,3.9128590012031594,3.743182130432152,4.284356676824287,5.371218677025406,5.863807206954649,5.605138394735268,4.487324467391968,3.216706403821962,2.2085274445678444,30,996
17,3.7436200080820465,2.8428125042171963,2.482399152030913,2.3905932828889838,3.041851331511595,4.764602283199291,7.913888270116522,13.434326242860122,16.508435605206724,17.217809651216324,14.76164489494862,12.908767035583763,10.032096602883414,7.947411470330379,6.870356534053854,6.395162878868485,6.55697680509536,7.112570096805658,8.488139208081662,10.626911468599276,10.554841393252103,7.543230140997998,4.903511373858868,3.6037496653842154,30,252
18,1.0971276966872046,0.8901260667921377,0.8266645008315143,0.8460407526646837,0.874710271046887,1.1077993223706997,1.7710947719992371,2.091634523734898,2.5485499310550885,2.9921581694472756,4.017557334722413,5.5552557372137565,5.4828329309280495,3.288200079079826,2.2738360148413057,1.8054879613875923,1.7495283120916336,1.9900775176439252,2.7854819502544497,3.162566225451817,2.866827485484295,2.3607725704508677,1.7083153960105448,1.2659010285509065,30,1509
19,1.4368973048562836,1.29471876227287,1.2014963585965115,1.203387531425897,1.3427036489556254,2.3673062091009633,3.457123462271691,3.4099353569226585,2.69461761848431,2.788892722433697,2.995838480991976,2.594286555532024,2.657219955055338,2.8576133124384175,3.9268272471605243,7.384089389549714,9.263494099561523,6.787086576836997,4.972802403859252,4.865193241132783,4.8111073844110965,3.800406789319873,2.7337286662655704,1.8155455841423294,30,1523
20,1.4682973922068878,1.2184497297086738,1.0876282686252534,1.0622628518658987,1.1161959976412845,1.336129841863723,1.781364538019685,2.9336637481810293,3.8502691263908364,4.662390609327875,3.876320943483576,2.6232538004141386,1.938184795372553,1.876255381519688,1.71560063903809,1.636168475510983,1.7909853802733886,1.9260733689467309,2.046274156671726,2.4528304215434407,2.768251009093015,2.8077149400691654,2.316598989357977,1.8357822952663392,30,1818
21,1.72051754584137,1.4728563475872523,1.3469982952662407,1.2942194110603844,1.2459952589221839,1.6631090573839138,3.0775016091248895,6.995402172727958,10.369823484438527,10.124691409658869,7.862183144809222,6.388123708413309,5.078048551530437,3.8274667900164303,2.9817120848252596,2.428516612108094,2.548069098506025,2.9291877966392916,3.5520170965780276,4.256909732520397,4.556747090378228,3.8728775323905684,2.5756860004170505,1.7107716580618062,30,950
22,0.8553475532930455,0.8100246632195032,0.759066165133365,0.7602197705743974,0.8395243350034605,1.3668913089954315,2.6129079769040664,2.703821008204356,1.9020358444311902,1.700620956942989,1.631795881456766,1.497995894890515,1.5355738585169034,1.6766155889769772,1.7303327292672306,1.5777523885196796,1.6233900746516465,2.1324477908189734,6.428890074258096,7.824941245228256,4.699427707991956,3.171768051343641,1.9338749817326735,1.2193080117437738,30,2104
23,4.0482669066944785,2.7997038620186157,2.3698754556486223,2.573472007740228,2.6788911348091933,4.912084255933418,7.393712496396438,8.444754301117865,7.339154056627369,7.699349630234579,8.53450769657524,9.161046431073405,10.279924359708696,11.858109783317076,13.546678955738892,14.799120544839699,16.509178041238794,16.617460007065635,15.29019864720979,14.457829654180115,12.536623627680543,8.961369917328211,6.022801651572405,4.6343511657017205,30,371
24,0.46681636079512734,0.4312736367466212,0.42205554881383706,0.44406038576643486,0.5496616693793804,0.8864049745471401,1.47090519419215,1.744790334812927,1.6909971662352736,1.516485074937783,1.344933144740099,1.3381263469299978,1.2181504967524275,1.0938250625214658,1.1657777345092974,1.2809529510926791,2.2571868938726123,4.177839472054577,4.922697237153284,2.9447892034433734,2.1089071377811575,1.4722661650830287,0.8448492524919833,0.566047125019255,30,2469
25,2.576532280233614,1.989693887126191,1.797961009183287,1.6496837917624179,1.7174071882683384,2.015795722340636,2.4373590248303656,3.620636703272208,6.822668047413367,10.887285787330812,14.217442658331677,14.993027381516924,12.602049537365321,8.302741739194872,6.109519884513198,4.624403829086539,4.099336857861337,4.3621258503959615,6.157649394219301,7.564384709084435,7.306926763032642,5.508649078413663,4.088072784987796,2.618025078029808,30,697
26,0.7112763962154829,0.6569389917842345,0.641946785476403,0.63356335361762,0.7588760955552682,1.0417686435277027,1.2610195394102903,1.434420135142845,1.3371593052070452,1.266643130373387,1.2129570628657431,1.218079351602301,1.2565999793377647,1.2420319143372045,1.1913930049651793,1.164051243656201,1.2487456665166592,1.4318571375867117,2.040535077715616,2.5138237167506063,2.3216727075029517,1.9891778534053048,1.3972135802163246,0.9533419179870379,30,5297
27,9.299936764678796,6.494985584092975,4.913948545163427,4.441813757436145,4.1445653071404704,4.735440816523294,5.854841016857682,7.968663562096865,8.515680014328275,9.797120376865648,12.997959861547189,16.36902568070793,16.982366231611227,13.955340504347355,12.570173331087934,10.117204716432957,8.727546284036567,9.430039064341637,12.798642982230536,15.445288037168394,15.361901741398217,16.90128957795999,15.300230437943364,12.04923662087983,30,215
28,1.2865500489182542,1.1402175913913393,1.0860508942838123,1.1121393108173774,1.3027787087191849,1.9298764902331116,2.6968394803080735,3.0010203435903495,3.1996649242148463,3.118358850542673,2.9476863458274996,3.1964571769473173,3.7167051112641807,4.357971161525968,4.80018459640585,4.701919867217182,4.404466783475028,3.6874757045852036,3.375688832921778,3.4999401514671504,3.4458728086963046,2.662832340687506,1.9700867414772494,1.5100352755147606,30,2140
29,1.6842793529423377,1.314687957866024,1.2566730207293713,1.2452312769621376,1.344787573946246,1.6882667174008168,2.417612714291072,3.512439803258035,4.073206354955236,4.734827914881286,5.109372077607452,4.659844408213037,3.8728998901217833,3.3808813965148268,2.7421170188331554,2.4257920925450134,2.3911265752481077,2.6961922379429586,3.9393335017774156,8.733222714955758,8.55796912866966,5.80642888440056,3.6275195250155954,2.2196301403719216,30,1248
0,1.4467489339119077,1.1188929420110643,1.1314172377335092,1.1807964624849219,1.2560376564880797,2.766477546692381,6.4525681431654816,3.851449639471918,1.9297559746267168,1.736218029080458,1.3936174587787653,1.363990981808675,1.7341555806375988,1.6041992090925778,2.310188336853011,2.1259387576550832,2.028285592546065,2.9930986854692105,4.463374668496108,5.740649697593613,5.846869571925766,5.477860980057248,3.380856072651892,1.7962063152708256,35,2293
1,0.4456887162099601,0.3870066080571097,0.32164727226173623,0.3045338883886442,0.4417591117605494,0.7968521928149914,1.384021153577658,1.18035555081442,1.2269014241940837,1.070028293116347,0.9101324778744109,0.8864168301662978,1.038105551058463,0.7750802449535067,0.7810177402698674,0.7963475047154168,1.0397866061377323,1.1525244582846177,2.8484271569086204,4.85763277083124,3.825053859898345,2.4386402381401435,1.1014705354110428,0.732954126152703,35,3034
2,7.258333291068222,6.636363640201814,5.880303031510928,3.950000003488226,3.0333333177435575,3.85681817646731,6.791666651878393,9.427272751024274,5.625000028447672,5.411363648194256,6.535605992670313,6.3727272295703505,5.380302984267472,6.874242399170092,5.518181809421742,5.924999993915358,2.877272717993367,5.7924242240913,10.108333325747289,12.98409083982309,13.317424222826958,16.834090864116497,15.784090876579286,7.320454527144179,35,385
3,0.36728195943486647,0.3020409890118978,0.3210678058530705,0.3321059620780808,0.47302950325162235,0.9668307430826788,1.5792355863326766,1.3221251873502218,1.843875112171684,1.5306596440510178,1.333014194459534,1.3892653777054982,1.8430688369005512,2.254602710737967,3.615657276634862,4.438452542958415,4.362082522347266,3.2997092595995485,2.8911703618078617,2.4072948062475645,2.282877914646805,1.376818768372189,0.8694203661057819,0.5864205087249984,35,2359
4,2.917948706839711,2.4858974212637315,2.0923076959756695,1.8967948730270834,1.5499999944407206,2.473717947609914,2.437820512849169,3.803205109129732,6.931410237812461,10.14102568840369,14.400641070344507,19.851282064731304,19.271794847953018,12.551282051282051,8.363461461443547,6.207051240337583,5.463461506443145,7.633333323618921,10.167307682526417,9.591025612293146,8.980128213381157,6.615384614620454,4.925641050036901,4.230128198288954,35,466
5,0.36521739661693575,0.3478260934352875,0.3478260934352875,0.3478260934352875,0.31304348409175875,1.8956521704792977,3.56521737575531,2.60869562625885,1.513043475151062,3.2347825884819033,2.0869565144181252,0.2608695700764656,2.939130400121212,2.6260869234800337,0.2608695700764656,0.24347826540470124,0.2608695700764656,1.6869564846158027,1.704347801208496,2.4521738648414613,1.878260850906372,1.0260869562625885,1.026086938381195,0.5043478220701217,35,572
6,1.0010765641392307,1.0223774694119179,0.9998204289305778,0.8548658041218444,1.0002973432649696,1.5017919981550603,1.698444443719964,1.8575535897614937,1.7123555934263601,1.8990750850607006,1.9669877472307,1.9861141106155187,1.807615349889984,1.5251774260709212,1.2022382303185404,1.1795359544728012,1.3608693910827714,1.3870807786687975,1.8596420551990234,2.402731950248754,2.701218768301464,2.621505044379405,2.0100230827915766,1.4625167007058386,35,4753
7,3.007272704035947,1.6457000009715557,1.1086000114679337,1.0251166743536788,1.4542500009139376,2.8018333084881304,3.362049986422062,4.401083322614431,3.644016668200492,5.3704333357512954,5.940800011654694,4.417949952185154,4.305183343092601,7.063549994925658,10.526716769735017,9.301133344570795,10.725900066892304,12.806166591246921,16.595916589101154,15.837633260091147,11.211333274841309,11.302633319298426,8.281933280825616,5.766949920356273,35,295
8,0.49628602281275874,0.46863068878751357,0.43529402696435254,0.48186300421754524,0.5462998424544259,0.746742066709778,0.979782403286647,0.8625429675251515,0.8035850929586333,0.7021705242877339,0.6801756080092035,0.6571428517262273,0.7313247733811538,0.7278409084013184,0.7645464915822486,0.674814766035625,0.8067093978647711,0.8786234977421863,1.3712942191857742,1.494442101998909,1.4792311000706515,1.17672152144482,0.786212838472139,0.5543326082208135,35,8858
9,0.6958060623344148,0.4933833334594965,0.13355000068744025,0.14551666664580504,0.123983334004879,0.1443833333750566,0.12071666680276394,0.5485333281258742,1.146899996884167,0.11696666553616523,0.12078333292156458,0.11866666631152234,0.515066675345103,0.14773333296179772,1.864033342525363,0.12304999964932602,0.7566666817913454,4.260066653167208,3.3304666563868524,0.5211499986549218,0.7415666652222475,1.4488333374261857,0.43756666829188673,0.1650999986877044,35,435
10,4.767857124053296,2.5797618835100105,1.960714263398023,2.4440476037561893,2.234523793061574,6.963095272580782,8.961904833359378,10.479761968056362,7.780952390283348,7.425000014227062,9.020238111593894,9.167857144560132,10.06071434702192,14.45714285543987,14.917857175781615,12.55357141154153,15.16190483456566,14.31547619899114,11.027380963166555,8.928571533589134,11.675000085717155,8.045238108862014,4.651190491304511,4.617857132461809,35,329
11,2.9979166438182197,4.391666665673255,2.9895833147068824,3.062499985098839,3.2249999865889554,14.329166606068608,15.750000044703485,9.635416626930237,8.691666732231777,7.516666769981384,5.889583334326744,6.799999952316284,6.331666656335196,5.16874998062849,7.966666705906391,7.600000073512394,5.197916651765505,13.86041655639807,12.381250103314716,9.94791669646899,7.991666624943416,5.566666613022486,8.804166664679844,3.9208333392937984,35,123
12,1.7941725021640667,1.3243076926909194,1.353153857283103,1.5314807675014703,1.2263012824054713,2.2730000022894297,3.821102551017434,4.314544857407991,2.189564108753051,4.069198727607726,5.183999976716364,3.4283269306597046,4.833339735005909,3.6278974215667223,3.3225320503115654,3.766294870143518,5.520288427288717,11.705128186788317,10.373987199022217,6.694993550960833,6.861352539215333,6.531499943672082,4.304512802989054,2.565141016521897,35,787
13,1.5069269153975124,1.0453284233078068,1.0097156866435328,0.9309313735906398,0.7784999957417741,3.663181350109917,6.53016174730717,5.597102926350107,2.446431371219018,1.8176029402689604,1.8081274412426291,1.2668823505587439,1.530573515440611,0.9801470563180892,1.7208284304349444,1.8650294006893444,2.307725467335652,5.323098005288664,11.712794113392924,11.611450981860067,7.625558791499509,3.856362736692616,3.665651965959399,1.784789208213196,35,765
14,1.9309382674971014,1.2526111044679527,1.4139722273397595,1.7200617300415484,1.7827006096917173,2.18579630261678,2.9024444431020524,3.8642808599512515,3.8140987529200903,3.3047376262185018,2.7788888962916385,2.3771265425063945,3.3088395014451244,3.7332685040884916,2.981382710238298,3.5395524696113516,4.913783964459544,6.450287055937044,4.72423766479816,6.323046299042525,6.8226605061395675,8.484339502858525,9.335657409173841,4.203814815568887,35,992
15,1.771311030903461,1.3935486078779729,1.4002291692800262,1.385138891844286,1.7599745475583601,1.4695879661443607,2.510604170840924,2.8916411968293017,3.400071764106138,3.673078686550811,4.9999421330134375,7.869497697869384,6.237245390053701,4.034118055797148,3.1303472212619257,3.3779606445933923,3.16707406475864,2.562187502971264,3.1110555501482273,3.849358804644671,3.548057871318802,4.195618044567742,3.7143217480258537,3.08128703194153,35,1939
16,1.0665006650507949,0.9042630750894338,0.905292061248269,1.020474055930451,1.0487923648121544,1.732912890209289,2.758488670881569,2.823341489503798,2.7790105131487337,2.846334929275381,2.326622808610006,2.4943858043627167,2.6377719881625237,3.276654326199339,3.206195495567678,3.1357450257995474,3.15759673905331,3.6395167458151185,4.200678232144607,3.9697008154226907,3.405554399712311,2.5843807097585194,1.9432200731644473,1.4532202390280917,35,4843
17,1.035455490329436,1.3228778588629904,1.1831262978414696,0.9022774357526077,1.0480331269580694,2.7292960487660904,5.998498926329471,6.330848861414763,6.521376804688146,6.931573525922638,8.386438924216085,6.448550748115493,5.883074537203425,6.290683219138356,9.779192499319715,8.906055875193504,8.63183227919397,6.001086913971674,8.480538317986897,8.679192553815385,7.00181161959966,5.499534109802473,3.3246376868514784,2.0782091125845907,35,595
18,2.082499984403451,1.6500000005587931,1.5833333193014065,2.1016666612277435,2.1833333143343525,3.070833333333333,6.212499991059304,12.005833330253758,14.509166606267295,9.154999939103922,6.909999985496202,6.6791666378577546,4.792499972879887,3.7916666408379873,3.004999982317289,2.6274999757607778,3.20666664938132,3.165833342572053,4.441666658222675,5.107500014702478,5.089166645146905,3.877500006866952,2.536666654609144,2.2891666664431494,35,553
19,0.530434787273407,0.5304347753524781,0.4391304314136505,0.16956522054970263,0.43478260189294815,0.3652173843234777,0.2608695670962334,0.31304348073899746,0.41304347962141036,0.29999999701976776,0.2739130429923534,0.20000000149011612,0.34347825944423677,0.4086956486105919,0.1739130426198244,0.2782608687877655,0.19565217271447183,0.4086956512182951,0.08260869719088078,0.4260869599878788,0.382608687877655,0.5173912957310677,0.47826086580753324,0.1913043439388275,35,1785
20,1.909180569030806,1.7085382788833505,1.468655333765175,1.705663687778988,2.1486020777320514,3.2894321293232656,3.3111710987175287,5.61397432235164,6.371991007829056,6.2419692820235015,6.427756646372701,7.936514965822733,9.376979517612769,10.19245573753032,7.089205117458883,4.368563023026007,3.4208378949998943,4.624798243994944,5.749098163929537,6.068204352864321,6.186485858736694,6.330434514949286,3.3768245357318203,2.543920147014053,35,1185
21,2.3381720410599818,2.2481182724317557,1.7032257992854363,1.8104838666015417,2.0336021439282486,3.2763440932037047,5.845698938254389,6.5965053693501545,5.225268819098992,4.9295698723164945,4.738978484785687,5.921774166766353,5.325376341688218,5.115322577496692,4.9185483871849,5.90698923551107,7.909677415345145,10.395698916367303,9.870430086729346,10.365053740560366,10.455645149433485,9.302688165858227,6.924731177388019,4.62741936080318,35,1027
22,4.028571417289121,3.5107143131040397,3.8416667192109992,2.6845238359556314,2.5619047486356323,9.158333237504676,10.54642851544278,10.061904704819117,5.189285655816397,4.049999953380653,7.376190420240164,6.239285708892912,8.253571294248104,8.390476059345973,6.496428489685059,11.067857122492223,11.088095135632017,20.138095146133786,23.485714305014834,18.9749998932793,20.694047598611743,12.498809502238316,6.839285643327803,4.213095201090688,35,243
23,0.747826087474823,0.6608695745468139,0.6434782683849335,0.3130434826016426,0.29565217941999433,5.199999974668026,5.356521737575531,1.6173912972211837,2.7478260725736616,0.434782612323761,0.36521739363670347,0.6260869473218917,0.452173912525177,1.6347826093435287,4.104347765445709,2.6956521436572074,1.4434782326221467,1.652173888683319,0.8869565337896347,1.8260869443416596,1.9999999761581422,2.260869550704956,1.7391304135322572,0.6260869592428208,35,366
24,1.118749994629373,0.9062499951881667,0.8270833351028463,0.7645833371207118,3.0083332875122624,5.870833289188643,16.08124996473392,11.602083305517832,3.693749955079208,1.6041666517655055,4.070833312968412,4.897916615785411,5.416666618237893,4.614583266278108,2.141666655273487,3.1333333005507793,1.6250000015522044,3.1979166258436944,4.270833320915699,4.006250021358331,4.435416683554649,5.375000021109978,3.2854166204730673,2.2999999858438973,35,162
25,1.4907787959494532,1.2617448887942977,1.1805223889493697,1.2322857810295231,1.6034858343612755,3.208168542484885,4.818428952140467,4.800139348854179,2.8665811392035154,2.8502591285278043,2.9113522288566895,3.0098199997230304,3.4903121094840275,4.08123240541179,6.375957552713919,7.521498007207577,8.365625316955683,5.568384439123439,4.631463382182465,6.383225727613484,6.595477130565613,4.567780029283658,2.686351771985314,1.748840708576054,35,1759
26,2.0309583462603253,1.7426257684325366,1.7395615252116934,1.7453109744888466,1.757237807916812,2.985835498303939,4.410619300345963,5.547648150765171,5.087405165566659,4.6064413428521505,4.575508217788183,3.4279970061487686,3.630433950265153,4.282564730622257,4.258532261050855,4.421159698510877,4.677600276453468,5.85599352511076,7.5333810106325805,7.399242481799462,6.985920382711367,5.614187033015948,3.0262468727210012,2.615955690616885,35,1710
27,1.3193173287185507,0.9259675961436223,1.0621597199631787,0.8256574045107873,0.9310648118283739,1.2510949031760292,1.5044328626935133,3.258273143614469,3.063141191792157,2.4864351839103076,3.765760294821817,3.2166203564912497,2.4010277690659105,2.89818055980356,1.8854745356969675,1.6539953673448133,1.747539350866444,2.0957569405953915,3.8568263732552257,10.023217577469985,8.637687480215119,5.913490719334396,4.183444431569013,1.958277778130853,35,1467
28,0.1544634347222128,0.14060905561130735,0.13881917269260605,0.14449977899093472,0.16433972221687815,0.2968308855722595,0.28018851617692425,0.32571736427933995,0.28883347086556277,0.2465535036437498,0.24099745542194898,0.19909381528311518,0.21965841046337783,0.21974850631776355,0.20446926423266223,0.24611062689844676,0.2348369703940934,0.28570581545802093,0.470983003369478,0.6988236795091864,0.7049809224039891,0.5639909549367452,0.33414315755737345,0.20569700737135438,35,9235
29,1.0993139355155557,0.9544133325914543,0.5229466708997885,1.0510733355085056,0.9055633287876844,0.9958866758892932,2.047663325965404,2.8916999928901594,2.58889332793653,2.431343325451017,1.9953366601715488,1.7714799941082786,2.2609866670270766,1.9406633309274914,1.683440003444751,1.1138500046481687,2.0703666585187115,5.349316666026911,10.0211766342322,6.3661899938186,4.068859992027282,3.0393966557085514,1.24577667042613,0.80675666945676,35,1722
30,2.23461471349646,2.1684523775641407,1.474071414342948,1.0866666594076726,1.436547618536722,2.526369030986513,3.320130952057385,5.50065474673396,3.646809522949514,2.796666645045792,3.827535683910051,2.8147261703298203,3.75783329341738,4.00107140768142,5.493999959280094,8.99954759613389,14.247142936502186,12.070714266527265,11.22669047401065,6.581583270004818,6.799273778994879,6.844130934703918,5.340309491647141,2.193642831008349,35,424
31,2.2916666915019337,0.8416666667908425,1.691666690632701,0.6500000090648731,1.7250000337759646,0.8083333373069758,4.083333353201547,1.841666653752326,2.133333350221315,0.8000000069538751,3.275000025828677,6.241666729251548,3.5000000447034814,3.225000033775965,3.1750000119209267,1.4333333373069763,1.4750000188748038,11.491666773955044,6.966666777928669,7.216666777928673,6.750000079472865,6.808333377043407,4.716666718324023,1.7333333442608516,35,193
32,1.3210110083920241,1.043022729907975,1.7213257556273183,1.2219772827105995,1.2495833251512407,1.1558712083620555,3.658068203790622,3.9203181761232297,5.17584091097568,8.397143911231648,11.151053070570482,7.224257600578395,5.092545467739304,3.221462093237223,1.9918863559423974,1.681189381489248,1.3967651458965107,3.475030307573351,8.564454519951886,6.950598461158347,4.0661590880516805,2.939704554889238,3.0791060598284905,1.4583863641953831,35,902
33,0.4614081350492744,0.4149444731039017,0.5401080775409165,0.46146918926724934,0.5376818338226173,0.9461511590352009,2.180110092543412,2.4350764450513656,1.6292045524521932,1.4879849143793147,1.1352492400745857,1.1929639888027306,1.4849698618511626,1.291221378132393,1.3212184537875946,1.4326007125427516,1.968745535128396,2.9175221523967902,2.770489234561029,1.9778724837913455,1.5938441652997133,1.1188559658132322,0.7716689976331723,0.5711220941205513,35,4560
34,0.6515454511073503,1.9959999602288012,0.5621250004818042,0.7319374972333511,0.9923125229155024,7.581354101498922,9.642458342015743,2.8217291720211506,2.0281874453648925,0.8461249927058815,1.4403124929716191,2.967291637013356,1.086708325271805,1.265479157989224,1.4194374817113085,1.7054583340262373,1.047062482063969,3.9422499208400654,8.71743748585383,8.278979068001112,7.22868745525678,3.862979209671418,1.8698124624788761,0.7584791562209525,35,265
