batch_fit_time,dbi,mia,n_sample,preprocessing,silhouette,t0,total_sample,transform,experiment_name,som_dim,n_clust,date
8.212469578,1.746228308,49.45929486,3295202,,0.372453117,1530468587,3295202,,exp2_kmeans,0,5,2018-07-01
8.382479429,2.057032015,43.90746869,3295202,,0.01901366,1530468602,3295202,,exp2_kmeans,0,8,2018-07-01
8.949512005,2.750885322,296.179826,3295202,,-0.019145129,1530468617,3295202,,exp2_kmeans,0,11,2018-07-01
8.99951458,2.615970908,36.34202985,3295202,,0.218494831,1530468632,3295202,,exp2_kmeans,0,14,2018-07-01
9.172524929,2.525695444,59.91720893,3295202,,0.008343655,1530468648,3295202,,exp2_kmeans,0,17,2018-07-01
13.64678073,2.385456851,41.04132411,3295202,,0.098953197,1530468668,3295202,,exp2_kmeans,0,20,2018-07-01
15.1768682,2.346853032,34.26615914,3295202,,0.151889376,1530468689,3295202,,exp2_kmeans,0,23,2018-07-01
15.61989331,2.339261064,37.12028162,3295202,,0.110655281,1530468711,3295202,,exp2_kmeans,0,26,2018-07-01
11.07363343,2.560167855,47.70895268,3295202,,0.055860935,1530468729,3295202,,exp2_kmeans,0,29,2018-07-01
15.18386841,2.340944131,39.85494073,3295202,,0.062682299,1530468751,3295202,,exp2_kmeans,0,32,2018-07-01
15.83790612,2.304050298,41.46613678,3295202,,0.043480674,1530468773,3295202,,exp2_kmeans,0,35,2018-07-01
11.1076355,2.730081035,117.1906684,3295202,,-0.002640454,1530468790,3295202,,exp2_kmeans,0,38,2018-07-01
11.30364633,2.6591295,140.5575777,3295202,,0.000117429,1530468808,3295202,,exp2_kmeans,0,41,2018-07-01
11.87567925,2.56662441,148.0154252,3295202,,0.032318635,1530468827,3295202,,exp2_kmeans,0,44,2018-07-01
11.6096642,2.499544063,109.6513299,3295202,,-0.0004222,1530468845,3295202,,exp2_kmeans,0,47,2018-07-01
15.22487092,2.287795023,33.67362753,3295202,,0.057684897,1530468867,3295202,,exp2_kmeans,0,50,2018-07-01
11.81267571,2.542617941,99.35783203,3295202,,-0.007741663,1530468885,3295202,,exp2_kmeans,0,53,2018-07-01
11.68466854,2.609116786,57.66102957,3295202,,-0.035793015,1530468904,3295202,,exp2_kmeans,0,56,2018-07-01
11.84167719,2.698697073,123.0560163,3295202,,-0.051540691,1530468923,3295202,,exp2_kmeans,0,59,2018-07-01
12.09069157,2.327871895,32.23078948,3295202,,-0.083056073,1530468942,3295202,,exp2_kmeans,0,62,2018-07-01
11.8826797,2.620334581,108.2898892,3295202,,-0.029897692,1530468961,3295202,,exp2_kmeans,0,65,2018-07-01
16.12492228,2.343799654,30.39026555,3295202,,0.050410748,1530468984,3295202,,exp2_kmeans,0,68,2018-07-01
11.87667942,2.736495525,139.3567392,3295202,,0.020414393,1530469004,3295202,,exp2_kmeans,0,71,2018-07-01
12.73672843,2.395637478,33.4656785,3295202,,0.029602778,1530469024,3295202,,exp2_kmeans,0,74,2018-07-01
14.22881365,2.373816945,30.56966469,3295202,,0.03712556,1530469046,3295202,,exp2_kmeans,0,77,2018-07-01
12.62472224,2.681964449,113.0931122,3295202,,0.013752988,1530469066,3295202,,exp2_kmeans,0,80,2018-07-01
21.26721668,2.360784341,32.84380742,3295202,,0.031935734,1530469095,3295202,,exp2_kmeans,0,83,2018-07-01
25.01043057,2.329244317,29.51432143,3295202,,0.043014958,1530469127,3295202,,exp2_kmeans,0,86,2018-07-01
22.3322773,2.333220554,28.12333286,3295202,,0.050660693,1530469158,3295202,,exp2_kmeans,0,89,2018-07-01
13.1407516,2.637511228,68.52726081,3295202,,-0.006845801,1530469179,3295202,,exp2_kmeans,0,92,2018-07-01
12.98574257,2.630538918,153.6140161,3295202,,-0.024322587,1530469199,3295202,,exp2_kmeans,0,95,2018-07-01
13.41376734,2.635570223,186.7864032,3295202,,0.006058381,1530469221,3295202,,exp2_kmeans,0,98,2018-07-01
15.40488124,2.36411164,32.43484126,3295202,,0.0205578,1530469245,3295202,,exp2_kmeans,0,101,2018-07-01
14.05580378,2.563430956,89.79328518,3295202,,-0.021982298,1530469267,3295202,,exp2_kmeans,0,104,2018-07-01
13.58777714,2.623407989,71.26772546,3295202,,0.015019703,1530469289,3295202,,exp2_kmeans,0,107,2018-07-01
14.09780645,2.47748693,49.47018432,3295202,,-0.011197098,1530469312,3295202,,exp2_kmeans,0,110,2018-07-01
14.17681074,2.68198772,125.8071883,3295202,,0.020623795,1530469335,3295202,,exp2_kmeans,0,113,2018-07-01
14.7268424,2.394437078,29.07974207,3295202,,0.029261273,1530469358,3295202,,exp2_kmeans,0,116,2018-07-01
14.50482941,2.41685312,46.20237613,3295202,,-0.016001057,1530469381,3295202,,exp2_kmeans,0,119,2018-07-01
21.04820418,2.367884412,36.39039586,3295202,,5.69E-05,1530469412,3295202,,exp2_kmeans,0,122,2018-07-01
20.64418077,2.294582956,26.99928259,3295202,,0.030360096,1530469441,3295202,,exp2_kmeans,0,125,2018-07-01
20.27515984,2.359729191,28.2760985,3295202,,0.023558414,1530469471,3295202,,exp2_kmeans,0,128,2018-07-01
14.61383605,2.52712593,89.52026777,3295202,,-0.020173084,1530469495,3295202,,exp2_kmeans,0,131,2018-07-01
15.08086252,2.589697376,47.18602802,3295202,,-0.027266998,1530469519,3295202,,exp2_kmeans,0,134,2018-07-01
14.32081914,2.480342579,0.547972132,3295202,normalize,0.101572457,1530469824,3295202,,exp2_norm_kmeans,0,5,2018-07-01
8.428482056,2.391916168,0.529156915,3295202,normalize,0.083114616,1530469838,3295202,,exp2_norm_kmeans,0,8,2018-07-01
8.591491222,2.210682421,0.514431353,3295202,normalize,0.092604609,1530469853,3295202,,exp2_norm_kmeans,0,11,2018-07-01
19.46011305,2.018696502,0.477622137,3295202,normalize,0.093684207,1530469879,3295202,,exp2_norm_kmeans,0,14,2018-07-01
13.66278148,2.076233838,0.468542693,3295202,normalize,0.09786308,1530469899,3295202,,exp2_norm_kmeans,0,17,2018-07-01
18.52705979,2.073664967,0.462660263,3295202,normalize,0.095745983,1530469924,3295202,,exp2_norm_kmeans,0,20,2018-07-01
23.82536268,2.117594332,0.458679869,3295202,normalize,0.092522476,1530469954,3295202,,exp2_norm_kmeans,0,23,2018-07-01
10.20558357,2.247718045,0.469166341,3295202,normalize,0.08579182,1530469971,3295202,,exp2_norm_kmeans,0,26,2018-07-01
24.12437987,2.16394112,0.452735022,3295202,normalize,0.089821202,1530470001,3295202,,exp2_norm_kmeans,0,29,2018-07-01
33.14589596,2.10950069,0.450734081,3295202,normalize,0.097402441,1530470041,3295202,,exp2_norm_kmeans,0,32,2018-07-01
33.35690784,2.146737633,0.445226622,3295202,normalize,0.094730562,1530470081,3295202,,exp2_norm_kmeans,0,35,2018-07-01
22.12026501,2.155049465,0.444017536,3295202,normalize,0.092866154,1530470110,3295202,,exp2_norm_kmeans,0,38,2018-07-01
29.17066836,2.18285136,0.44232856,3295202,normalize,0.08755453,1530470146,3295202,,exp2_norm_kmeans,0,41,2018-07-01
37.02911782,2.160866105,0.437529893,3295202,normalize,0.082628344,1530470189,3295202,,exp2_norm_kmeans,0,44,2018-07-01
37.36313725,2.198627626,0.435170252,3295202,normalize,0.086593055,1530470234,3295202,,exp2_norm_kmeans,0,47,2018-07-01
39.46525741,2.157366766,0.433280142,3295202,normalize,0.086844048,1530470280,3295202,,exp2_norm_kmeans,0,50,2018-07-01
40.09929371,2.21132982,0.435017967,3295202,normalize,0.088598179,1530470327,3295202,,exp2_norm_kmeans,0,53,2018-07-01
41.48937321,2.12034916,0.430602786,3295202,normalize,0.088604735,1530470375,3295202,,exp2_norm_kmeans,0,56,2018-07-01
44.49954534,2.195933261,0.428187306,3295202,normalize,0.076974424,1530470427,3295202,,exp2_norm_kmeans,0,59,2018-07-01
38.0531764,2.158325726,0.425318076,3295202,normalize,0.073382566,1530470472,3295202,,exp2_norm_kmeans,0,62,2018-07-01
46.38765335,2.165029865,0.423980305,3295202,normalize,0.08570126,1530470526,3295202,,exp2_norm_kmeans,0,65,2018-07-01
48.72678685,2.200223621,0.423497469,3295202,normalize,0.083733805,1530470582,3295202,,exp2_norm_kmeans,0,68,2018-07-01
12.51471591,2.36438123,0.448045505,3295202,normalize,0.07840284,1530470602,3295202,,exp2_norm_kmeans,0,71,2018-07-01
50.16286922,2.18191336,0.420688015,3295202,normalize,0.080200025,1530470660,3295202,,exp2_norm_kmeans,0,74,2018-07-01
51.19592834,2.172244588,0.420173163,3295202,normalize,0.081585232,1530470719,3295202,,exp2_norm_kmeans,0,77,2018-07-01
47.0706923,2.174170903,0.420329591,3295202,normalize,0.078435394,1530470774,3295202,,exp2_norm_kmeans,0,80,2018-07-01
13.01774478,2.405415618,0.438336948,3295202,normalize,0.051076292,1530470794,3295202,,exp2_norm_kmeans,0,83,2018-07-01
46.97268653,2.199386486,0.412404377,3295202,normalize,0.070002749,1530470849,3295202,,exp2_norm_kmeans,0,86,2018-07-01
38.79121876,2.176122347,0.412675015,3295202,normalize,0.071930268,1530470896,3295202,,exp2_norm_kmeans,0,89,2018-07-01
50.23087311,2.118991361,0.414384699,3295202,normalize,0.084556148,1530470954,3295202,,exp2_norm_kmeans,0,92,2018-07-01
52.49100256,2.195855421,0.411138702,3295202,normalize,0.072327372,1530471015,3295202,,exp2_norm_kmeans,0,95,2018-07-01
53.88008165,2.189837229,0.409628504,3295202,normalize,0.07795222,1530471077,3295202,,exp2_norm_kmeans,0,98,2018-07-01
60.03943443,2.139714747,0.408781103,3295202,normalize,0.074805226,1530471145,3295202,,exp2_norm_kmeans,0,101,2018-07-01
41.44737053,2.188145087,0.410654449,3295202,normalize,0.08095451,1530471195,3295202,,exp2_norm_kmeans,0,104,2018-07-01
57.16726971,2.151201815,0.408848618,3295202,normalize,0.075562121,1530471261,3295202,,exp2_norm_kmeans,0,107,2018-07-01
42.12340951,2.152198953,0.408050144,3295202,normalize,0.079695713,1530471312,3295202,,exp2_norm_kmeans,0,110,2018-07-01
43.33047819,2.217451223,0.40710372,3295202,normalize,0.077281314,1530471364,3295202,,exp2_norm_kmeans,0,113,2018-07-01
64.09966612,2.185268914,0.405850216,3295202,normalize,0.073792497,1530471437,3295202,,exp2_norm_kmeans,0,116,2018-07-01
14.23881459,2.35479402,0.425860633,3295202,normalize,0.041381763,1530471461,3295202,,exp2_norm_kmeans,0,119,2018-07-01
58.32333589,2.171537651,0.403362414,3295202,normalize,0.079177528,1530471528,3295202,,exp2_norm_kmeans,0,122,2018-07-01
62.60358095,2.173792231,0.40314108,3295202,normalize,0.056884823,1530471600,3295202,,exp2_norm_kmeans,0,125,2018-07-01
67.88988328,2.150983858,0.404444315,3295202,normalize,0.072821696,1530471677,3295202,,exp2_norm_kmeans,0,128,2018-07-01
62.76759005,2.185594575,0.404055528,3295202,normalize,0.083642005,1530471749,3295202,,exp2_norm_kmeans,0,131,2018-07-01
56.25521731,2.220168302,0.399383179,3295202,normalize,0.066717473,1530471815,3295202,,exp2_norm_kmeans,0,134,2018-07-01
14.46382713,2.640404512,37.26690381,3295202,,0.088092325,1530517178,3295202,,exp2_som,5,0,2018-07-02
24.81341934,3.002999455,32.49964014,3295202,,0.035031436,1530517225,3295202,,exp2_som,7,0,2018-07-02
37.5541482,3.154713157,31.84131109,3295202,,0.013905717,1530517284,3295202,,exp2_som,9,0,2018-07-02
52.08997917,3.247108131,4053.893642,3295202,,-0.007857379,1530517360,3295202,,exp2_som,11,0,2018-07-02
104.0319502,3.624388698,33.42222528,3295202,,-0.03196533,1530517489,3295202,,exp2_som,13,0,2018-07-02
124.9231451,4.113140204,3323.596923,3295202,,-0.006704734,1530517640,3295202,,exp2_som,15,0,2018-07-02
144.0672402,4.820166888,3597.819247,3295202,,-0.030372181,1530517813,3295202,,exp2_som,17,0,2018-07-02
177.317142,4.474085626,2623.901609,3295202,,-0.029227319,1530518023,3295202,,exp2_som,19,0,2018-07-02
217.990468,4.36912368,2374.015876,3295202,,-0.02104284,1530518279,3295202,,exp2_som,21,0,2018-07-02
242.7078822,4.915450845,2169.629459,3295202,,-0.04970826,1530518563,3295202,,exp2_som,23,0,2018-07-02
326.6236818,5.26404024,1997.370751,3295202,,-0.048863674,1530518939,3295202,,exp2_som,25,0,2018-07-02
374.6264272,4.794946294,1811.612632,3295202,,-0.049729169,1530519370,3295202,,exp2_som,27,0,2018-07-02
392.435446,5.416185502,1721.169956,3295202,,-0.061974041,1530519828,3295202,,exp2_som,29,0,2018-07-02
13.65078068,2.720990273,0.449179067,3295202,normalize,0.034719691,1530520210,3295202,,exp2_norm_som,5,0,2018-07-02
24.30839038,2.974391523,0.421878153,3295202,normalize,0.02556514,1530520256,3295202,,exp2_norm_som,7,0,2018-07-02
37.66415453,3.062396233,0.419293979,3295202,normalize,0.028683985,1530520318,3295202,,exp2_norm_som,9,0,2018-07-02
53.65106845,3.225988162,0.413680528,3295202,normalize,0.011352737,1530520396,3295202,,exp2_norm_som,11,0,2018-07-02
103.3399107,3.424822452,0.396660678,3295202,normalize,0.01015144,1530520525,3295202,,exp2_norm_som,13,0,2018-07-02
122.8250253,3.673404256,0.389648817,3295202,normalize,-0.004198934,1530520677,3295202,,exp2_norm_som,15,0,2018-07-02
144.5272663,3.751232783,0.37866671,3295202,normalize,-0.01841069,1530520852,3295202,,exp2_norm_som,17,0,2018-07-02
171.9018321,3.983350265,0.38029495,3295202,normalize,-0.007697207,1530521057,3295202,,exp2_norm_som,19,0,2018-07-02
209.7389963,4.085193695,0.372609328,3295202,normalize,-0.019873452,1530521305,3295202,,exp2_norm_som,21,0,2018-07-02
240.74877,4.353425347,0.368268489,3295202,normalize,-0.030418587,1530521587,3295202,,exp2_norm_som,23,0,2018-07-02
333.8970976,4.640857567,0.362398612,3295202,normalize,-0.042410943,1530521968,3295202,,exp2_norm_som,25,0,2018-07-02
372.8083234,4.498290899,0.356569224,3295202,normalize,-0.047596909,1530522399,3295202,,exp2_norm_som,27,0,2018-07-02
415.3107543,4.703978924,0.350812194,3295202,normalize,-0.052522791,1530522888,3295202,,exp2_norm_som,29,0,2018-07-02
429.4195611,2.528333248,0.544049683,3295202,normalize,0.088971046,1530523697,3295202,kmeans,exp2_norm_som+kmeans,30,5,2018-07-02
429.4195611,2.383542943,0.523826158,3295202,normalize,0.081437367,1530523720,3295202,kmeans,exp2_norm_som+kmeans,30,8,2018-07-02
429.4195611,2.34638774,0.505055494,3295202,normalize,0.062447197,1530523744,3295202,kmeans,exp2_norm_som+kmeans,30,11,2018-07-02
429.4195611,2.195100965,0.480349487,3295202,normalize,0.072593991,1530523767,3295202,kmeans,exp2_norm_som+kmeans,30,14,2018-07-02
429.4195611,2.160393213,0.473765982,3295202,normalize,0.078949418,1530523791,3295202,kmeans,exp2_norm_som+kmeans,30,17,2018-07-02
429.4195611,2.223792009,0.465904896,3295202,normalize,0.063234607,1530523814,3295202,kmeans,exp2_norm_som+kmeans,30,20,2018-07-02
429.4195611,2.364542737,0.459290635,3295202,normalize,0.049333979,1530523838,3295202,kmeans,exp2_norm_som+kmeans,30,23,2018-07-02
429.4195611,2.31249417,0.461872251,3295202,normalize,0.077912342,1530523862,3295202,kmeans,exp2_norm_som+kmeans,30,26,2018-07-02
429.4195611,2.297052407,0.454454509,3295202,normalize,0.066282626,1530523886,3295202,kmeans,exp2_norm_som+kmeans,30,29,2018-07-02
429.4195611,2.327411786,0.449821508,3295202,normalize,0.059042413,1530523910,3295202,kmeans,exp2_norm_som+kmeans,30,32,2018-07-02
429.4195611,2.284289397,0.448486375,3295202,normalize,0.068542933,1530523934,3295202,kmeans,exp2_norm_som+kmeans,30,35,2018-07-02
429.4195611,2.32694768,0.44460762,3295202,normalize,0.067589,1530523958,3295202,kmeans,exp2_norm_som+kmeans,30,38,2018-07-02
429.4195611,2.29991653,0.442329574,3295202,normalize,0.042754278,1530523982,3295202,kmeans,exp2_norm_som+kmeans,30,41,2018-07-02
429.4195611,2.350645485,0.441985057,3295202,normalize,0.058156792,1530524006,3295202,kmeans,exp2_norm_som+kmeans,30,44,2018-07-02
429.4195611,2.385097215,0.436817847,3295202,normalize,0.059572815,1530524031,3295202,kmeans,exp2_norm_som+kmeans,30,47,2018-07-02
429.4195611,2.326898596,0.436196777,3295202,normalize,0.054556276,1530524054,3295202,kmeans,exp2_norm_som+kmeans,30,50,2018-07-02
429.4195611,2.392803132,0.432148165,3295202,normalize,0.059210042,1530524079,3295202,kmeans,exp2_norm_som+kmeans,30,53,2018-07-02
429.4195611,2.40166833,0.430994804,3295202,normalize,0.052857404,1530524106,3295202,kmeans,exp2_norm_som+kmeans,30,56,2018-07-02
429.4195611,2.413398692,0.429107417,3295202,normalize,0.063062699,1530524131,3295202,kmeans,exp2_norm_som+kmeans,30,59,2018-07-02
429.4195611,2.401588567,0.426939101,3295202,normalize,0.054545798,1530524161,3295202,kmeans,exp2_norm_som+kmeans,30,62,2018-07-02
429.4195611,2.470397085,0.423902798,3295202,normalize,0.049854031,1530524187,3295202,kmeans,exp2_norm_som+kmeans,30,65,2018-07-02
429.4195611,2.447045726,0.42745231,3295202,normalize,0.057245847,1530524212,3295202,kmeans,exp2_norm_som+kmeans,30,68,2018-07-02
429.4195611,2.483727347,0.424309955,3295202,normalize,0.057151872,1530524239,3295202,kmeans,exp2_norm_som+kmeans,30,71,2018-07-02
429.4195611,2.479884911,0.41994167,3295202,normalize,0.054506756,1530524264,3295202,kmeans,exp2_norm_som+kmeans,30,74,2018-07-02
429.4195611,2.487735155,0.421830229,3295202,normalize,0.054434738,1530524290,3295202,kmeans,exp2_norm_som+kmeans,30,77,2018-07-02
429.4195611,2.535182295,0.42167042,3295202,normalize,0.048209424,1530524316,3295202,kmeans,exp2_norm_som+kmeans,30,80,2018-07-02
429.4195611,2.549878791,0.419661568,3295202,normalize,0.062547093,1530524343,3295202,kmeans,exp2_norm_som+kmeans,30,83,2018-07-02
429.4195611,2.562500668,0.420046727,3295202,normalize,0.053146867,1530524369,3295202,kmeans,exp2_norm_som+kmeans,30,86,2018-07-02
429.4195611,2.55452947,0.42231984,3295202,normalize,0.04934839,1530524396,3295202,kmeans,exp2_norm_som+kmeans,30,89,2018-07-02
429.4195611,2.552970084,0.415890885,3295202,normalize,0.05614644,1530524424,3295202,kmeans,exp2_norm_som+kmeans,30,92,2018-07-02
429.4195611,2.590378658,0.42005338,3295202,normalize,0.051783166,1530524451,3295202,kmeans,exp2_norm_som+kmeans,30,95,2018-07-02
429.4195611,2.6166198,0.41697651,3295202,normalize,0.040864883,1530524478,3295202,kmeans,exp2_norm_som+kmeans,30,98,2018-07-02
429.4195611,2.656580307,0.41504596,3295202,normalize,0.053524633,1530524504,3295202,kmeans,exp2_norm_som+kmeans,30,101,2018-07-02
429.4195611,2.676389526,0.411092016,3295202,normalize,0.021721855,1530524531,3295202,kmeans,exp2_norm_som+kmeans,30,104,2018-07-02
429.4195611,2.643192718,0.417669727,3295202,normalize,0.048213059,1530524559,3295202,kmeans,exp2_norm_som+kmeans,30,107,2018-07-02
429.4195611,2.623048802,0.413332818,3295202,normalize,0.051690215,1530524588,3295202,kmeans,exp2_norm_som+kmeans,30,110,2018-07-02
429.4195611,2.654294354,0.411786744,3295202,normalize,0.043399347,1530524615,3295202,kmeans,exp2_norm_som+kmeans,30,113,2018-07-02
429.4195611,2.676285183,0.414188592,3295202,normalize,0.047176676,1530524643,3295202,kmeans,exp2_norm_som+kmeans,30,116,2018-07-02
429.4195611,2.66628227,0.413597903,3295202,normalize,0.045031645,1530524671,3295202,kmeans,exp2_norm_som+kmeans,30,119,2018-07-02
429.4195611,2.699796097,0.409763367,3295202,normalize,0.047301074,1530524702,3295202,kmeans,exp2_norm_som+kmeans,30,122,2018-07-02
429.4195611,2.753975441,0.409621497,3295202,normalize,0.046241522,1530524728,3295202,kmeans,exp2_norm_som+kmeans,30,125,2018-07-02
429.4195611,2.720815244,0.410125295,3295202,normalize,0.03906278,1530524759,3295202,kmeans,exp2_norm_som+kmeans,30,128,2018-07-02
429.4195611,2.745332626,0.409300338,3295202,normalize,0.040049403,1530524786,3295202,kmeans,exp2_norm_som+kmeans,30,131,2018-07-02
429.4195611,2.716361126,0.409110171,3295202,normalize,0.04707429,1530524816,3295202,kmeans,exp2_norm_som+kmeans,30,134,2018-07-02
780.4486392,2.544173293,0.545546978,3295202,normalize,0.083472836,1530525624,3295202,kmeans,exp2_norm_som+kmeans,40,5,2018-07-02
780.4486392,2.336002162,0.523309345,3295202,normalize,0.060942272,1530525648,3295202,kmeans,exp2_norm_som+kmeans,40,8,2018-07-02
780.4486392,2.308902736,0.510186979,3295202,normalize,0.053315273,1530525672,3295202,kmeans,exp2_norm_som+kmeans,40,11,2018-07-02
780.4486392,2.134613381,0.478213448,3295202,normalize,0.060871193,1530525696,3295202,kmeans,exp2_norm_som+kmeans,40,14,2018-07-02
780.4486392,2.128661084,0.476500696,3295202,normalize,0.073443154,1530525720,3295202,kmeans,exp2_norm_som+kmeans,40,17,2018-07-02
780.4486392,2.145561614,0.471735878,3295202,normalize,0.073823154,1530525745,3295202,kmeans,exp2_norm_som+kmeans,40,20,2018-07-02
780.4486392,2.259617159,0.465367468,3295202,normalize,0.047590354,1530525768,3295202,kmeans,exp2_norm_som+kmeans,40,23,2018-07-02
780.4486392,2.287394761,0.458600282,3295202,normalize,0.056758021,1530525793,3295202,kmeans,exp2_norm_som+kmeans,40,26,2018-07-02
780.4486392,2.339311361,0.456046146,3295202,normalize,0.053642949,1530525819,3295202,kmeans,exp2_norm_som+kmeans,40,29,2018-07-02
780.4486392,2.261536754,0.454243246,3295202,normalize,0.056956197,1530525844,3295202,kmeans,exp2_norm_som+kmeans,40,32,2018-07-02
780.4486392,2.374186463,0.450793662,3295202,normalize,0.056812622,1530525869,3295202,kmeans,exp2_norm_som+kmeans,40,35,2018-07-02
780.4486392,2.329761863,0.445540411,3295202,normalize,0.050214147,1530525894,3295202,kmeans,exp2_norm_som+kmeans,40,38,2018-07-02
780.4486392,2.338822936,0.446322851,3295202,normalize,0.050252852,1530525920,3295202,kmeans,exp2_norm_som+kmeans,40,41,2018-07-02
780.4486392,2.322020698,0.443001774,3295202,normalize,0.052371161,1530525947,3295202,kmeans,exp2_norm_som+kmeans,40,44,2018-07-02
780.4486392,2.331903386,0.437885691,3295202,normalize,0.054153278,1530525973,3295202,kmeans,exp2_norm_som+kmeans,40,47,2018-07-02
780.4486392,2.359213404,0.437722233,3295202,normalize,0.054036895,1530525999,3295202,kmeans,exp2_norm_som+kmeans,40,50,2018-07-02
780.4486392,2.365161762,0.432148745,3295202,normalize,0.049315327,1530526024,3295202,kmeans,exp2_norm_som+kmeans,40,53,2018-07-02
780.4486392,2.362926314,0.432345868,3295202,normalize,0.051503999,1530526049,3295202,kmeans,exp2_norm_som+kmeans,40,56,2018-07-02
780.4486392,2.354680802,0.429584874,3295202,normalize,0.045911833,1530526075,3295202,kmeans,exp2_norm_som+kmeans,40,59,2018-07-02
780.4486392,2.368511548,0.428701706,3295202,normalize,0.049405414,1530526101,3295202,kmeans,exp2_norm_som+kmeans,40,62,2018-07-02
780.4486392,2.424534845,0.425853732,3295202,normalize,0.052742462,1530526127,3295202,kmeans,exp2_norm_som+kmeans,40,65,2018-07-02
780.4486392,2.391692045,0.42084465,3295202,normalize,0.042972929,1530526153,3295202,kmeans,exp2_norm_som+kmeans,40,68,2018-07-02
780.4486392,2.379068655,0.422976663,3295202,normalize,0.055888531,1530526180,3295202,kmeans,exp2_norm_som+kmeans,40,71,2018-07-02
780.4486392,2.422300333,0.419752835,3295202,normalize,0.044225234,1530526208,3295202,kmeans,exp2_norm_som+kmeans,40,74,2018-07-02
780.4486392,2.410382617,0.417646153,3295202,normalize,0.040539059,1530526234,3295202,kmeans,exp2_norm_som+kmeans,40,77,2018-07-02
780.4486392,2.456426982,0.418078653,3295202,normalize,0.049268175,1530526261,3295202,kmeans,exp2_norm_som+kmeans,40,80,2018-07-02
780.4486392,2.455542111,0.416141716,3295202,normalize,0.048188086,1530526287,3295202,kmeans,exp2_norm_som+kmeans,40,83,2018-07-02
780.4486392,2.439446535,0.419640046,3295202,normalize,0.04817072,1530526314,3295202,kmeans,exp2_norm_som+kmeans,40,86,2018-07-02
780.4486392,2.452341035,0.413897259,3295202,normalize,0.047438436,1530526343,3295202,kmeans,exp2_norm_som+kmeans,40,89,2018-07-02
780.4486392,2.478684947,0.417117314,3295202,normalize,0.046281101,1530526371,3295202,kmeans,exp2_norm_som+kmeans,40,92,2018-07-02
780.4486392,2.496154435,0.415369188,3295202,normalize,0.044774667,1530526402,3295202,kmeans,exp2_norm_som+kmeans,40,95,2018-07-02
780.4486392,2.488374765,0.408651228,3295202,normalize,0.042559088,1530526429,3295202,kmeans,exp2_norm_som+kmeans,40,98,2018-07-02
780.4486392,2.500237591,0.41497199,3295202,normalize,0.043285141,1530526458,3295202,kmeans,exp2_norm_som+kmeans,40,101,2018-07-02
780.4486392,2.579426151,0.40997062,3295202,normalize,0.041052632,1530526489,3295202,kmeans,exp2_norm_som+kmeans,40,104,2018-07-02
780.4486392,2.506859084,0.411583127,3295202,normalize,0.044016312,1530526518,3295202,kmeans,exp2_norm_som+kmeans,40,107,2018-07-02
780.4486392,2.570712198,0.408226953,3295202,normalize,0.041385078,1530526545,3295202,kmeans,exp2_norm_som+kmeans,40,110,2018-07-02
780.4486392,2.564770637,0.411201462,3295202,normalize,0.041987561,1530526573,3295202,kmeans,exp2_norm_som+kmeans,40,113,2018-07-02
780.4486392,2.540719504,0.406311383,3295202,normalize,0.033699656,1530526600,3295202,kmeans,exp2_norm_som+kmeans,40,116,2018-07-02
780.4486392,2.533043916,0.409145907,3295202,normalize,0.04237516,1530526628,3295202,kmeans,exp2_norm_som+kmeans,40,119,2018-07-02
780.4486392,2.570230678,0.409217784,3295202,normalize,0.042628936,1530526657,3295202,kmeans,exp2_norm_som+kmeans,40,122,2018-07-02
780.4486392,2.597912068,0.4102088,3295202,normalize,0.033686996,1530526686,3295202,kmeans,exp2_norm_som+kmeans,40,125,2018-07-02
780.4486392,2.605275532,0.405632133,3295202,normalize,0.039893365,1530526715,3295202,kmeans,exp2_norm_som+kmeans,40,128,2018-07-02
780.4486392,2.604236957,0.403800926,3295202,normalize,0.041740229,1530526745,3295202,kmeans,exp2_norm_som+kmeans,40,131,2018-07-02
780.4486392,2.616089318,0.406457666,3295202,normalize,0.037382868,1530526776,3295202,kmeans,exp2_norm_som+kmeans,40,134,2018-07-02
1240.10393,2.579911582,0.534289208,3295202,normalize,0.059396714,1530528045,3295202,kmeans,exp2_norm_som+kmeans,50,5,2018-07-02
1240.10393,2.44343834,0.529048335,3295202,normalize,0.074866621,1530528069,3295202,kmeans,exp2_norm_som+kmeans,50,8,2018-07-02
1240.10393,2.308719754,0.513426182,3295202,normalize,0.060457728,1530528092,3295202,kmeans,exp2_norm_som+kmeans,50,11,2018-07-02
1240.10393,2.222852501,0.498749962,3295202,normalize,0.061642075,1530528116,3295202,kmeans,exp2_norm_som+kmeans,50,14,2018-07-02
1240.10393,2.276755526,0.488811253,3295202,normalize,0.063515275,1530528139,3295202,kmeans,exp2_norm_som+kmeans,50,17,2018-07-02
1240.10393,2.30900132,0.481748857,3295202,normalize,0.06850742,1530528163,3295202,kmeans,exp2_norm_som+kmeans,50,20,2018-07-02
1240.10393,2.360712285,0.477549049,3295202,normalize,0.067460569,1530528190,3295202,kmeans,exp2_norm_som+kmeans,50,23,2018-07-02
1240.10393,2.359804559,0.470440915,3295202,normalize,0.061756815,1530528216,3295202,kmeans,exp2_norm_som+kmeans,50,26,2018-07-02
1240.10393,2.271038835,0.458552799,3295202,normalize,0.06114411,1530528240,3295202,kmeans,exp2_norm_som+kmeans,50,29,2018-07-02
1240.10393,2.337844636,0.454212834,3295202,normalize,0.055616842,1530528264,3295202,kmeans,exp2_norm_som+kmeans,50,32,2018-07-02
1240.10393,2.311819766,0.447556607,3295202,normalize,0.045774516,1530528289,3295202,kmeans,exp2_norm_som+kmeans,50,35,2018-07-02
1240.10393,2.306714884,0.447937446,3295202,normalize,0.059344365,1530528313,3295202,kmeans,exp2_norm_som+kmeans,50,38,2018-07-02
1240.10393,2.366424753,0.443730035,3295202,normalize,0.048844191,1530528338,3295202,kmeans,exp2_norm_som+kmeans,50,41,2018-07-02
1240.10393,2.333339459,0.438320846,3295202,normalize,0.045705936,1530528363,3295202,kmeans,exp2_norm_som+kmeans,50,44,2018-07-02
1240.10393,2.33120506,0.436745083,3295202,normalize,0.043704824,1530528389,3295202,kmeans,exp2_norm_som+kmeans,50,47,2018-07-02
1240.10393,2.346766945,0.433947265,3295202,normalize,0.046107467,1530528414,3295202,kmeans,exp2_norm_som+kmeans,50,50,2018-07-02
1240.10393,2.398514744,0.429830518,3295202,normalize,0.03906095,1530528439,3295202,kmeans,exp2_norm_som+kmeans,50,53,2018-07-02
1240.10393,2.365235988,0.430557777,3295202,normalize,0.050162533,1530528466,3295202,kmeans,exp2_norm_som+kmeans,50,56,2018-07-02
1240.10393,2.355949673,0.427123654,3295202,normalize,0.048607455,1530528490,3295202,kmeans,exp2_norm_som+kmeans,50,59,2018-07-02
1240.10393,2.392107743,0.426532158,3295202,normalize,0.050513049,1530528516,3295202,kmeans,exp2_norm_som+kmeans,50,62,2018-07-02
1240.10393,2.404282172,0.425786516,3295202,normalize,0.048669132,1530528541,3295202,kmeans,exp2_norm_som+kmeans,50,65,2018-07-02
1240.10393,2.362777706,0.422811031,3295202,normalize,0.04074228,1530528566,3295202,kmeans,exp2_norm_som+kmeans,50,68,2018-07-02
1240.10393,2.418019851,0.42604328,3295202,normalize,0.04619213,1530528595,3295202,kmeans,exp2_norm_som+kmeans,50,71,2018-07-02
1240.10393,2.434391002,0.424469544,3295202,normalize,0.043290045,1530528621,3295202,kmeans,exp2_norm_som+kmeans,50,74,2018-07-02
1240.10393,2.435343776,0.41845394,3295202,normalize,0.037791577,1530528684,3295202,kmeans,exp2_norm_som+kmeans,50,77,2018-07-02
1240.10393,2.445801511,0.418197571,3295202,normalize,0.044234306,1530528710,3295202,kmeans,exp2_norm_som+kmeans,50,80,2018-07-02
1240.10393,2.47902555,0.41535037,3295202,normalize,0.033767175,1530528737,3295202,kmeans,exp2_norm_som+kmeans,50,83,2018-07-02
1240.10393,2.463017604,0.414373174,3295202,normalize,0.036149024,1530528763,3295202,kmeans,exp2_norm_som+kmeans,50,86,2018-07-02
1240.10393,2.526606044,0.416908955,3295202,normalize,0.043108236,1530528792,3295202,kmeans,exp2_norm_som+kmeans,50,89,2018-07-02
1240.10393,2.502141129,0.415341604,3295202,normalize,0.040173614,1530528819,3295202,kmeans,exp2_norm_som+kmeans,50,92,2018-07-02
1240.10393,2.48837552,0.413569462,3295202,normalize,0.038497431,1530528846,3295202,kmeans,exp2_norm_som+kmeans,50,95,2018-07-02
1240.10393,2.499452419,0.411654636,3295202,normalize,0.040999081,1530528874,3295202,kmeans,exp2_norm_som+kmeans,50,98,2018-07-02
1240.10393,2.601690861,0.412877117,3295202,normalize,0.043175932,1530528903,3295202,kmeans,exp2_norm_som+kmeans,50,101,2018-07-02
1240.10393,2.534656183,0.411210666,3295202,normalize,0.038492187,1530528932,3295202,kmeans,exp2_norm_som+kmeans,50,104,2018-07-02
1240.10393,2.542514679,0.407620654,3295202,normalize,0.038449251,1530528960,3295202,kmeans,exp2_norm_som+kmeans,50,107,2018-07-02
1240.10393,2.593694732,0.410029544,3295202,normalize,0.033552067,1530528992,3295202,kmeans,exp2_norm_som+kmeans,50,110,2018-07-02
1240.10393,2.527245735,0.408022778,3295202,normalize,0.036184062,1530529020,3295202,kmeans,exp2_norm_som+kmeans,50,113,2018-07-02
1240.10393,2.592421969,0.408247138,3295202,normalize,0.04039807,1530529048,3295202,kmeans,exp2_norm_som+kmeans,50,116,2018-07-02
1240.10393,2.612901086,0.406618462,3295202,normalize,0.03734471,1530529076,3295202,kmeans,exp2_norm_som+kmeans,50,119,2018-07-02
1240.10393,2.663201113,0.404888871,3295202,normalize,0.034165553,1530529104,3295202,kmeans,exp2_norm_som+kmeans,50,122,2018-07-02
1240.10393,2.604299881,0.40548249,3295202,normalize,0.034489046,1530529131,3295202,kmeans,exp2_norm_som+kmeans,50,125,2018-07-02
1240.10393,2.616392143,0.403149261,3295202,normalize,0.031263015,1530529159,3295202,kmeans,exp2_norm_som+kmeans,50,128,2018-07-02
1240.10393,2.659314091,0.403238747,3295202,normalize,0.032339156,1530529189,3295202,kmeans,exp2_norm_som+kmeans,50,131,2018-07-02
1240.10393,2.644859086,0.40216795,3295202,normalize,0.03322018,1530529217,3295202,kmeans,exp2_norm_som+kmeans,50,134,2018-07-02
1625.738987,2.608833538,0.538183736,3295202,normalize,0.079577948,1530530879,3295202,kmeans,exp2_norm_som+kmeans,60,5,2018-07-02
1625.738987,2.439711559,0.520507375,3295202,normalize,0.049420145,1530530904,3295202,kmeans,exp2_norm_som+kmeans,60,8,2018-07-02
1625.738987,2.323000682,0.505513281,3295202,normalize,0.050168006,1530530926,3295202,kmeans,exp2_norm_som+kmeans,60,11,2018-07-02
1625.738987,2.138607642,0.48627476,3295202,normalize,0.068019958,1530530951,3295202,kmeans,exp2_norm_som+kmeans,60,14,2018-07-02
1625.738987,2.223116671,0.477688609,3295202,normalize,0.061520111,1530530976,3295202,kmeans,exp2_norm_som+kmeans,60,17,2018-07-02
1625.738987,2.26644343,0.472932627,3295202,normalize,0.067883287,1530531000,3295202,kmeans,exp2_norm_som+kmeans,60,20,2018-07-02
1625.738987,2.253104732,0.467897546,3295202,normalize,0.065270473,1530531026,3295202,kmeans,exp2_norm_som+kmeans,60,23,2018-07-02
1625.738987,2.326973953,0.463806911,3295202,normalize,0.063929757,1530531051,3295202,kmeans,exp2_norm_som+kmeans,60,26,2018-07-02
1625.738987,2.24858812,0.457572453,3295202,normalize,0.065664672,1530531076,3295202,kmeans,exp2_norm_som+kmeans,60,29,2018-07-02
1625.738987,2.328103028,0.454129952,3295202,normalize,0.056514917,1530531103,3295202,kmeans,exp2_norm_som+kmeans,60,32,2018-07-02
1625.738987,2.326434519,0.448971145,3295202,normalize,0.048664147,1530531129,3295202,kmeans,exp2_norm_som+kmeans,60,35,2018-07-02
1625.738987,2.348218864,0.445607857,3295202,normalize,0.049765102,1530531154,3295202,kmeans,exp2_norm_som+kmeans,60,38,2018-07-02
1625.738987,2.360030951,0.44609363,3295202,normalize,0.050792256,1530531179,3295202,kmeans,exp2_norm_som+kmeans,60,41,2018-07-02
1625.738987,2.334862374,0.447066537,3295202,normalize,0.05391278,1530531205,3295202,kmeans,exp2_norm_som+kmeans,60,44,2018-07-02
1625.738987,2.395331514,0.44276471,3295202,normalize,0.045490721,1530531232,3295202,kmeans,exp2_norm_som+kmeans,60,47,2018-07-02
1625.738987,2.397104396,0.438735037,3295202,normalize,0.047735347,1530531257,3295202,kmeans,exp2_norm_som+kmeans,60,50,2018-07-02
1625.738987,2.34744006,0.437893931,3295202,normalize,0.053776892,1530531282,3295202,kmeans,exp2_norm_som+kmeans,60,53,2018-07-02
1625.738987,2.404169723,0.437043633,3295202,normalize,0.048255429,1530531309,3295202,kmeans,exp2_norm_som+kmeans,60,56,2018-07-02
1625.738987,2.370510724,0.433622204,3295202,normalize,0.056019048,1530531335,3295202,kmeans,exp2_norm_som+kmeans,60,59,2018-07-02
1625.738987,2.387001185,0.434596241,3295202,normalize,0.052031893,1530531361,3295202,kmeans,exp2_norm_som+kmeans,60,62,2018-07-02
1625.738987,2.42311269,0.438614656,3295202,normalize,0.046315741,1530531388,3295202,kmeans,exp2_norm_som+kmeans,60,65,2018-07-02
1625.738987,2.366666658,0.428714157,3295202,normalize,0.0455957,1530531414,3295202,kmeans,exp2_norm_som+kmeans,60,68,2018-07-02
1625.738987,2.422915181,0.427132768,3295202,normalize,0.052001294,1530531442,3295202,kmeans,exp2_norm_som+kmeans,60,71,2018-07-02
1625.738987,2.446710821,0.425898706,3295202,normalize,0.047249493,1530531469,3295202,kmeans,exp2_norm_som+kmeans,60,74,2018-07-02
1625.738987,2.466447661,0.423197259,3295202,normalize,0.045423328,1530531496,3295202,kmeans,exp2_norm_som+kmeans,60,77,2018-07-02
1625.738987,2.436334433,0.422475486,3295202,normalize,0.050861914,1530531523,3295202,kmeans,exp2_norm_som+kmeans,60,80,2018-07-02
1625.738987,2.493144171,0.421910544,3295202,normalize,0.04386291,1530531550,3295202,kmeans,exp2_norm_som+kmeans,60,83,2018-07-02
1625.738987,2.45776145,0.421643495,3295202,normalize,0.046330909,1530531579,3295202,kmeans,exp2_norm_som+kmeans,60,86,2018-07-02
1625.738987,2.507049781,0.421145336,3295202,normalize,0.043139304,1530531605,3295202,kmeans,exp2_norm_som+kmeans,60,89,2018-07-02
1625.738987,2.523901643,0.416323306,3295202,normalize,0.041656471,1530531633,3295202,kmeans,exp2_norm_som+kmeans,60,92,2018-07-02
1625.738987,2.463165248,0.414640881,3295202,normalize,0.043466615,1530531660,3295202,kmeans,exp2_norm_som+kmeans,60,95,2018-07-02
1625.738987,2.458985585,0.415449524,3295202,normalize,0.047433756,1530531688,3295202,kmeans,exp2_norm_som+kmeans,60,98,2018-07-02
1625.738987,2.503156338,0.413894516,3295202,normalize,0.045101004,1530531716,3295202,kmeans,exp2_norm_som+kmeans,60,101,2018-07-02
1625.738987,2.544469064,0.415384869,3295202,normalize,0.044547838,1530531742,3295202,kmeans,exp2_norm_som+kmeans,60,104,2018-07-02
1625.738987,2.520424608,0.413691839,3295202,normalize,0.045127993,1530531770,3295202,kmeans,exp2_norm_som+kmeans,60,107,2018-07-02
1625.738987,2.519268481,0.409844049,3295202,normalize,0.043486593,1530531798,3295202,kmeans,exp2_norm_som+kmeans,60,110,2018-07-02
1625.738987,2.562792675,0.409632311,3295202,normalize,0.043515984,1530531826,3295202,kmeans,exp2_norm_som+kmeans,60,113,2018-07-02
1625.738987,2.528700858,0.409102963,3295202,normalize,0.044165019,1530531852,3295202,kmeans,exp2_norm_som+kmeans,60,116,2018-07-02
1625.738987,2.581269252,0.406764974,3295202,normalize,0.028877806,1530531879,3295202,kmeans,exp2_norm_som+kmeans,60,119,2018-07-02
1625.738987,2.564670547,0.408169525,3295202,normalize,0.044854732,1530531908,3295202,kmeans,exp2_norm_som+kmeans,60,122,2018-07-02
1625.738987,2.606865538,0.407146856,3295202,normalize,0.041676185,1530531935,3295202,kmeans,exp2_norm_som+kmeans,60,125,2018-07-02
1625.738987,2.626159828,0.408250827,3295202,normalize,0.039211024,1530531964,3295202,kmeans,exp2_norm_som+kmeans,60,128,2018-07-02
1625.738987,2.638510154,0.406197532,3295202,normalize,0.038313323,1530531991,3295202,kmeans,exp2_norm_som+kmeans,60,131,2018-07-02
1625.738987,2.611791335,0.408435359,3295202,normalize,0.041606294,1530532019,3295202,kmeans,exp2_norm_som+kmeans,60,134,2018-07-02
2279.295368,2.570622929,0.545930205,3295202,normalize,0.08223572,1530534328,3295202,kmeans,exp2_norm_som+kmeans,70,5,2018-07-02
2279.295368,2.375686754,0.523185241,3295202,normalize,0.05271588,1530534353,3295202,kmeans,exp2_norm_som+kmeans,70,8,2018-07-02
2279.295368,2.360698354,0.509293282,3295202,normalize,0.054240301,1530534377,3295202,kmeans,exp2_norm_som+kmeans,70,11,2018-07-02
2279.295368,2.288399409,0.500227814,3295202,normalize,0.060067894,1530534402,3295202,kmeans,exp2_norm_som+kmeans,70,14,2018-07-02
2279.295368,2.256016244,0.48351949,3295202,normalize,0.063250186,1530534425,3295202,kmeans,exp2_norm_som+kmeans,70,17,2018-07-02
2279.295368,2.313727619,0.47650905,3295202,normalize,0.072969003,1530534449,3295202,kmeans,exp2_norm_som+kmeans,70,20,2018-07-02
2279.295368,2.328061597,0.469909814,3295202,normalize,0.066075887,1530534475,3295202,kmeans,exp2_norm_som+kmeans,70,23,2018-07-02
2279.295368,2.325146384,0.463441285,3295202,normalize,0.065257734,1530534500,3295202,kmeans,exp2_norm_som+kmeans,70,26,2018-07-02
2279.295368,2.33114578,0.460176448,3295202,normalize,0.067153317,1530534524,3295202,kmeans,exp2_norm_som+kmeans,70,29,2018-07-02
2279.295368,2.259541424,0.454728943,3295202,normalize,0.066733188,1530534548,3295202,kmeans,exp2_norm_som+kmeans,70,32,2018-07-02
2279.295368,2.238949136,0.450899014,3295202,normalize,0.066103826,1530534573,3295202,kmeans,exp2_norm_som+kmeans,70,35,2018-07-02
2279.295368,2.313928295,0.448446458,3295202,normalize,0.064413764,1530534598,3295202,kmeans,exp2_norm_som+kmeans,70,38,2018-07-02
2279.295368,2.351638347,0.450618943,3295202,normalize,0.062158172,1530534625,3295202,kmeans,exp2_norm_som+kmeans,70,41,2018-07-02
2279.295368,2.25190923,0.442970372,3295202,normalize,0.050239419,1530534650,3295202,kmeans,exp2_norm_som+kmeans,70,44,2018-07-02
2279.295368,2.347078327,0.437032702,3295202,normalize,0.048778179,1530534683,3295202,kmeans,exp2_norm_som+kmeans,70,47,2018-07-02
2279.295368,2.301840749,0.438015349,3295202,normalize,0.057403674,1530534710,3295202,kmeans,exp2_norm_som+kmeans,70,50,2018-07-02
2279.295368,2.307886057,0.439019342,3295202,normalize,0.052853425,1530534736,3295202,kmeans,exp2_norm_som+kmeans,70,53,2018-07-02
2279.295368,2.339956575,0.434955713,3295202,normalize,0.052628628,1530534762,3295202,kmeans,exp2_norm_som+kmeans,70,56,2018-07-02
2279.295368,2.313610442,0.431796381,3295202,normalize,0.049058805,1530534788,3295202,kmeans,exp2_norm_som+kmeans,70,59,2018-07-02
2279.295368,2.354905722,0.429564597,3295202,normalize,0.051092654,1530534816,3295202,kmeans,exp2_norm_som+kmeans,70,62,2018-07-02
2279.295368,2.340816959,0.429403336,3295202,normalize,0.044720254,1530534910,3295202,kmeans,exp2_norm_som+kmeans,70,65,2018-07-02
2279.295368,2.323046303,0.427280963,3295202,normalize,0.051845201,1530534938,3295202,kmeans,exp2_norm_som+kmeans,70,68,2018-07-02
2279.295368,2.366179618,0.427192721,3295202,normalize,0.049822904,1530534965,3295202,kmeans,exp2_norm_som+kmeans,70,71,2018-07-02
2279.295368,2.406871783,0.425354592,3295202,normalize,0.049833577,1530534992,3295202,kmeans,exp2_norm_som+kmeans,70,74,2018-07-02
2279.295368,2.41565146,0.42773821,3295202,normalize,0.043746203,1530535021,3295202,kmeans,exp2_norm_som+kmeans,70,77,2018-07-02
2279.295368,2.401797947,0.424598843,3295202,normalize,0.040325857,1530535048,3295202,kmeans,exp2_norm_som+kmeans,70,80,2018-07-02
2279.295368,2.392758364,0.421024645,3295202,normalize,0.04385941,1530535076,3295202,kmeans,exp2_norm_som+kmeans,70,83,2018-07-02
2279.295368,2.416388557,0.418629142,3295202,normalize,0.045915721,1530535104,3295202,kmeans,exp2_norm_som+kmeans,70,86,2018-07-02
2279.295368,2.424213837,0.417850585,3295202,normalize,0.050863982,1530535132,3295202,kmeans,exp2_norm_som+kmeans,70,89,2018-07-02
2279.295368,2.398706575,0.419264056,3295202,normalize,0.045460599,1530535161,3295202,kmeans,exp2_norm_som+kmeans,70,92,2018-07-02
2279.295368,2.464520793,0.417989117,3295202,normalize,0.044329382,1530535188,3295202,kmeans,exp2_norm_som+kmeans,70,95,2018-07-02
2279.295368,2.477293855,0.414742473,3295202,normalize,0.046379395,1530535217,3295202,kmeans,exp2_norm_som+kmeans,70,98,2018-07-02
2279.295368,2.500458233,0.414355808,3295202,normalize,0.041159165,1530535247,3295202,kmeans,exp2_norm_som+kmeans,70,101,2018-07-02
2279.295368,2.49998192,0.413487712,3295202,normalize,0.042927378,1530535276,3295202,kmeans,exp2_norm_som+kmeans,70,104,2018-07-02
2279.295368,2.477670556,0.41572194,3295202,normalize,0.045990274,1530535305,3295202,kmeans,exp2_norm_som+kmeans,70,107,2018-07-02
2279.295368,2.492650203,0.411436266,3295202,normalize,0.04364523,1530535335,3295202,kmeans,exp2_norm_som+kmeans,70,110,2018-07-02
2279.295368,2.518483709,0.413793159,3295202,normalize,0.047884271,1530535366,3295202,kmeans,exp2_norm_som+kmeans,70,113,2018-07-02
2279.295368,2.520513115,0.408544547,3295202,normalize,0.041965917,1530535397,3295202,kmeans,exp2_norm_som+kmeans,70,116,2018-07-02
2279.295368,2.55648899,0.410090766,3295202,normalize,0.045733476,1530535431,3295202,kmeans,exp2_norm_som+kmeans,70,119,2018-07-02
2279.295368,2.561903985,0.410504664,3295202,normalize,0.039168992,1530535462,3295202,kmeans,exp2_norm_som+kmeans,70,122,2018-07-02
2279.295368,2.551567839,0.406953833,3295202,normalize,0.039382906,1530535495,3295202,kmeans,exp2_norm_som+kmeans,70,125,2018-07-02
2279.295368,2.559610047,0.406500922,3295202,normalize,0.040193482,1530535526,3295202,kmeans,exp2_norm_som+kmeans,70,128,2018-07-02
2279.295368,2.570654936,0.405333884,3295202,normalize,0.03894421,1530535557,3295202,kmeans,exp2_norm_som+kmeans,70,131,2018-07-02
2279.295368,2.526622659,0.403995807,3295202,normalize,0.039284097,1530535585,3295202,kmeans,exp2_norm_som+kmeans,70,134,2018-07-02
2943.69137,2.607601205,0.549085924,3295202,normalize,0.083553345,1530538561,3295202,kmeans,exp2_norm_som+kmeans,80,5,2018-07-02
2943.69137,2.406208947,0.53088301,3295202,normalize,0.083796139,1530538585,3295202,kmeans,exp2_norm_som+kmeans,80,8,2018-07-02
2943.69137,2.293360223,0.51166787,3295202,normalize,0.051505653,1530538609,3295202,kmeans,exp2_norm_som+kmeans,80,11,2018-07-02
2943.69137,2.302786557,0.50077075,3295202,normalize,0.058884039,1530538633,3295202,kmeans,exp2_norm_som+kmeans,80,14,2018-07-02
2943.69137,2.348364689,0.491122459,3295202,normalize,0.05799767,1530538658,3295202,kmeans,exp2_norm_som+kmeans,80,17,2018-07-02
2943.69137,2.295014701,0.481629588,3295202,normalize,0.055604172,1530538682,3295202,kmeans,exp2_norm_som+kmeans,80,20,2018-07-02
2943.69137,2.268522538,0.476733535,3295202,normalize,0.063811218,1530538708,3295202,kmeans,exp2_norm_som+kmeans,80,23,2018-07-02
2943.69137,2.236721121,0.468815671,3295202,normalize,0.059748524,1530538733,3295202,kmeans,exp2_norm_som+kmeans,80,26,2018-07-02
2943.69137,2.343205081,0.464539144,3295202,normalize,0.054811407,1530538757,3295202,kmeans,exp2_norm_som+kmeans,80,29,2018-07-02
2943.69137,2.268082106,0.458233133,3295202,normalize,0.057425374,1530538784,3295202,kmeans,exp2_norm_som+kmeans,80,32,2018-07-02
2943.69137,2.261973106,0.453489011,3295202,normalize,0.058293402,1530538809,3295202,kmeans,exp2_norm_som+kmeans,80,35,2018-07-02
2943.69137,2.284832434,0.451958596,3295202,normalize,0.066706573,1530538835,3295202,kmeans,exp2_norm_som+kmeans,80,38,2018-07-02
2943.69137,2.304203702,0.446648802,3295202,normalize,0.049906607,1530538860,3295202,kmeans,exp2_norm_som+kmeans,80,41,2018-07-02
2943.69137,2.283925364,0.443183224,3295202,normalize,0.048769844,1530538886,3295202,kmeans,exp2_norm_som+kmeans,80,44,2018-07-02
2943.69137,2.375415893,0.449294466,3295202,normalize,0.052246899,1530538913,3295202,kmeans,exp2_norm_som+kmeans,80,47,2018-07-02
2943.69137,2.314890497,0.44344204,3295202,normalize,0.04728227,1530538939,3295202,kmeans,exp2_norm_som+kmeans,80,50,2018-07-02
2943.69137,2.378530129,0.440410568,3295202,normalize,0.045103394,1530538965,3295202,kmeans,exp2_norm_som+kmeans,80,53,2018-07-02
2943.69137,2.39068665,0.438741845,3295202,normalize,0.04817791,1530538993,3295202,kmeans,exp2_norm_som+kmeans,80,56,2018-07-02
2943.69137,2.372763246,0.435963557,3295202,normalize,0.04974738,1530539019,3295202,kmeans,exp2_norm_som+kmeans,80,59,2018-07-02
2943.69137,2.430911097,0.438030636,3295202,normalize,0.045118305,1530539047,3295202,kmeans,exp2_norm_som+kmeans,80,62,2018-07-02
2943.69137,2.456752095,0.431526216,3295202,normalize,0.048961487,1530539073,3295202,kmeans,exp2_norm_som+kmeans,80,65,2018-07-02
2943.69137,2.407306171,0.434450665,3295202,normalize,0.051486554,1530539100,3295202,kmeans,exp2_norm_som+kmeans,80,68,2018-07-02
2943.69137,2.377356247,0.42994424,3295202,normalize,0.046037396,1530539129,3295202,kmeans,exp2_norm_som+kmeans,80,71,2018-07-02
2943.69137,2.419482318,0.431683952,3295202,normalize,0.050764588,1530539157,3295202,kmeans,exp2_norm_som+kmeans,80,74,2018-07-02
2943.69137,2.384978857,0.430748035,3295202,normalize,0.04762359,1530539186,3295202,kmeans,exp2_norm_som+kmeans,80,77,2018-07-02
2943.69137,2.419451684,0.425681477,3295202,normalize,0.049791681,1530539214,3295202,kmeans,exp2_norm_som+kmeans,80,80,2018-07-02
2943.69137,2.423115887,0.42910206,3295202,normalize,0.048178202,1530539241,3295202,kmeans,exp2_norm_som+kmeans,80,83,2018-07-02
2943.69137,2.445824695,0.425308104,3295202,normalize,0.049918536,1530539269,3295202,kmeans,exp2_norm_som+kmeans,80,86,2018-07-02
2943.69137,2.471250094,0.424141133,3295202,normalize,0.046755964,1530539298,3295202,kmeans,exp2_norm_som+kmeans,80,89,2018-07-02
2943.69137,2.443934979,0.423155683,3295202,normalize,0.048526577,1530539327,3295202,kmeans,exp2_norm_som+kmeans,80,92,2018-07-02
2943.69137,2.470103169,0.422618952,3295202,normalize,0.046932183,1530539356,3295202,kmeans,exp2_norm_som+kmeans,80,95,2018-07-02
2943.69137,2.493208888,0.420449666,3295202,normalize,0.04613742,1530539386,3295202,kmeans,exp2_norm_som+kmeans,80,98,2018-07-02
2943.69137,2.445190375,0.416833166,3295202,normalize,0.048877556,1530539416,3295202,kmeans,exp2_norm_som+kmeans,80,101,2018-07-02
2943.69137,2.467462886,0.419955835,3295202,normalize,0.050005971,1530539446,3295202,kmeans,exp2_norm_som+kmeans,80,104,2018-07-02
2943.69137,2.449319415,0.415854035,3295202,normalize,0.048627996,1530539475,3295202,kmeans,exp2_norm_som+kmeans,80,107,2018-07-02
2943.69137,2.49022684,0.41898492,3295202,normalize,0.050984932,1530539504,3295202,kmeans,exp2_norm_som+kmeans,80,110,2018-07-02
2943.69137,2.487307553,0.413473197,3295202,normalize,0.040449206,1530539535,3295202,kmeans,exp2_norm_som+kmeans,80,113,2018-07-02
2943.69137,2.522025289,0.414583427,3295202,normalize,0.04772328,1530539565,3295202,kmeans,exp2_norm_som+kmeans,80,116,2018-07-02
2943.69137,2.500318867,0.412048802,3295202,normalize,0.042782111,1530539596,3295202,kmeans,exp2_norm_som+kmeans,80,119,2018-07-02
2943.69137,2.521757541,0.412436222,3295202,normalize,0.047856909,1530539627,3295202,kmeans,exp2_norm_som+kmeans,80,122,2018-07-02
2943.69137,2.511659222,0.411455499,3295202,normalize,0.041419139,1530539658,3295202,kmeans,exp2_norm_som+kmeans,80,125,2018-07-02
2943.69137,2.50875901,0.411008013,3295202,normalize,0.047506032,1530539689,3295202,kmeans,exp2_norm_som+kmeans,80,128,2018-07-02
2943.69137,2.53628848,0.408146674,3295202,normalize,0.04500754,1530539720,3295202,kmeans,exp2_norm_som+kmeans,80,131,2018-07-02
2943.69137,2.53358086,0.409250523,3295202,normalize,0.043910534,1530539750,3295202,kmeans,exp2_norm_som+kmeans,80,134,2018-07-02
431.0546546,0.927144193,19309.144,3295202,,0.578714126,1530550705,3295202,kmeans,exp2_som+kmeans,30,5,2018-07-02
431.0546546,1.626729589,14596.35756,3295202,,0.281144038,1530550726,3295202,kmeans,exp2_som+kmeans,30,8,2018-07-02
431.0546546,1.873981877,19661.96973,3295202,,0.318724972,1530550749,3295202,kmeans,exp2_som+kmeans,30,11,2018-07-02
431.0546546,2.134949035,17027.76826,3295202,,0.257278375,1530550770,3295202,kmeans,exp2_som+kmeans,30,14,2018-07-02
431.0546546,2.214955223,15230.10113,3295202,,0.227524607,1530550793,3295202,kmeans,exp2_som+kmeans,30,17,2018-07-02
431.0546546,2.232892658,13903.11814,3295202,,0.185693638,1530550816,3295202,kmeans,exp2_som+kmeans,30,20,2018-07-02
431.0546546,2.263869585,12871.78769,3295202,,0.200495468,1530550838,3295202,kmeans,exp2_som+kmeans,30,23,2018-07-02
431.0546546,2.296170587,12040.45589,3295202,,0.163841336,1530550860,3295202,kmeans,exp2_som+kmeans,30,26,2018-07-02
431.0546546,2.321249805,11568.09626,3295202,,0.166279387,1530550884,3295202,kmeans,exp2_som+kmeans,30,29,2018-07-02
431.0546546,2.383109128,10953.41653,3295202,,0.167652879,1530550906,3295202,kmeans,exp2_som+kmeans,30,32,2018-07-02
431.0546546,2.384202588,10427.34294,3295202,,0.183963112,1530550928,3295202,kmeans,exp2_som+kmeans,30,35,2018-07-02
431.0546546,2.421088507,9970.44746,3295202,,0.157003245,1530550952,3295202,kmeans,exp2_som+kmeans,30,38,2018-07-02
431.0546546,2.398384279,9568.788728,3295202,,0.144228602,1530550974,3295202,kmeans,exp2_som+kmeans,30,41,2018-07-02
431.0546546,2.445520277,9212.063059,3295202,,0.157396961,1530550997,3295202,kmeans,exp2_som+kmeans,30,44,2018-07-02
431.0546546,2.479567517,8892.472705,3295202,,0.152259338,1530551021,3295202,kmeans,exp2_som+kmeans,30,47,2018-07-02
431.0546546,2.508289049,8603.9904,3295202,,0.152202228,1530551043,3295202,kmeans,exp2_som+kmeans,30,50,2018-07-02
431.0546546,2.521121459,8341.878099,3295202,,0.128175994,1530551066,3295202,kmeans,exp2_som+kmeans,30,53,2018-07-02
431.0546546,2.583336902,8102.350001,3295202,,0.145136574,1530551089,3295202,kmeans,exp2_som+kmeans,30,56,2018-07-02
431.0546546,2.546869527,7882.336459,3295202,,0.16131434,1530551112,3295202,kmeans,exp2_som+kmeans,30,59,2018-07-02
431.0546546,2.603226628,7679.324245,3295202,,0.113895344,1530551135,3295202,kmeans,exp2_som+kmeans,30,62,2018-07-02
431.0546546,2.620934013,7491.231789,3295202,,0.11440807,1530551158,3295202,kmeans,exp2_som+kmeans,30,65,2018-07-02
431.0546546,2.623118506,7316.314693,3295202,,0.109426202,1530551181,3295202,kmeans,exp2_som+kmeans,30,68,2018-07-02
431.0546546,2.705581545,7153.106239,3295202,,0.101036175,1530551204,3295202,kmeans,exp2_som+kmeans,30,71,2018-07-02
431.0546546,2.676257043,7050.178093,3295202,,0.116686947,1530551227,3295202,kmeans,exp2_som+kmeans,30,74,2018-07-02
431.0546546,2.637081515,6903.793411,3295202,,0.120006804,1530551250,3295202,kmeans,exp2_som+kmeans,30,77,2018-07-02
431.0546546,2.712956791,6766.162751,3295202,,0.115823647,1530551275,3295202,kmeans,exp2_som+kmeans,30,80,2018-07-02
431.0546546,2.805402908,6636.449144,3295202,,0.118085226,1530551299,3295202,kmeans,exp2_som+kmeans,30,83,2018-07-02
431.0546546,2.821035989,6513.919877,3295202,,0.10376101,1530551322,3295202,kmeans,exp2_som+kmeans,30,86,2018-07-02
431.0546546,2.808790878,6397.936594,3295202,,0.105119526,1530551347,3295202,kmeans,exp2_som+kmeans,30,89,2018-07-02
431.0546546,2.810401931,6287.935598,3295202,,0.120607703,1530551371,3295202,kmeans,exp2_som+kmeans,30,92,2018-07-02
431.0546546,2.870477203,6183.419439,3295202,,0.103227155,1530551395,3295202,kmeans,exp2_som+kmeans,30,95,2018-07-02
431.0546546,2.869419203,6083.948458,3295202,,0.102259336,1530551419,3295202,kmeans,exp2_som+kmeans,30,98,2018-07-02
431.0546546,2.959432194,5989.128304,3295202,,0.103615975,1530551443,3295202,kmeans,exp2_som+kmeans,30,101,2018-07-02
431.0546546,2.897619803,5898.60769,3295202,,0.10639917,1530551468,3295202,kmeans,exp2_som+kmeans,30,104,2018-07-02
431.0546546,2.97823174,5812.071199,3295202,,0.099839794,1530551491,3295202,kmeans,exp2_som+kmeans,30,107,2018-07-02
431.0546546,2.947493283,5729.235399,3295202,,0.097487875,1530551516,3295202,kmeans,exp2_som+kmeans,30,110,2018-07-02
431.0546546,2.977044278,5649.842812,3295202,,0.099189389,1530551542,3295202,kmeans,exp2_som+kmeans,30,113,2018-07-02
431.0546546,3.02887459,5573.66244,3295202,,0.072138406,1530551566,3295202,kmeans,exp2_som+kmeans,30,116,2018-07-02
431.0546546,3.13294787,5500.48311,3295202,,0.089800257,1530551591,3295202,kmeans,exp2_som+kmeans,30,119,2018-07-02
431.0546546,3.187204142,5430.111689,3295202,,0.096843889,1530551616,3295202,kmeans,exp2_som+kmeans,30,122,2018-07-02
431.0546546,3.135863242,5362.374229,3295202,,0.087138558,1530551640,3295202,kmeans,exp2_som+kmeans,30,125,2018-07-02
431.0546546,3.121738118,5297.109097,3295202,,0.072078594,1530551666,3295202,kmeans,exp2_som+kmeans,30,128,2018-07-02
431.0546546,3.226669718,5234.171827,3295202,,0.08915535,1530551691,3295202,kmeans,exp2_som+kmeans,30,131,2018-07-02
431.0546546,3.224272956,5173.42516,3295202,,0.085283112,1530551716,3295202,kmeans,exp2_som+kmeans,30,134,2018-07-02
782.2037394,2.236610852,24926.84851,3295202,,0.452610056,1530552525,3295202,kmeans,exp2_som+kmeans,40,5,2018-07-02
782.2037394,2.483722435,18842.93163,3295202,,0.300910531,1530552547,3295202,kmeans,exp2_som+kmeans,40,8,2018-07-02
782.2037394,2.539128387,15765.13103,3295202,,0.247686908,1530552569,3295202,kmeans,exp2_som+kmeans,40,11,2018-07-02
782.2037394,2.553627055,13826.93608,3295202,,0.22386903,1530552592,3295202,kmeans,exp2_som+kmeans,40,14,2018-07-02
782.2037394,2.537985739,12463.43559,3295202,,0.207312927,1530552614,3295202,kmeans,exp2_som+kmeans,40,17,2018-07-02
782.2037394,2.522518211,11437.23443,3295202,,0.167002016,1530552637,3295202,kmeans,exp2_som+kmeans,40,20,2018-07-02
782.2037394,2.519111413,10628.85662,3295202,,0.159185884,1530552661,3295202,kmeans,exp2_som+kmeans,40,23,2018-07-02
782.2037394,2.45879926,9970.752663,3295202,,0.151926537,1530552682,3295202,kmeans,exp2_som+kmeans,40,26,2018-07-02
782.2037394,2.431852794,9421.47602,3295202,,0.16156243,1530552705,3295202,kmeans,exp2_som+kmeans,40,29,2018-07-02
782.2037394,2.454982535,8954.002006,3295202,,0.142373592,1530552728,3295202,kmeans,exp2_som+kmeans,40,32,2018-07-02
782.2037394,2.471087137,8549.851522,3295202,,0.149118148,1530552750,3295202,kmeans,exp2_som+kmeans,40,35,2018-07-02
782.2037394,2.545488076,8195.911502,3295202,,0.149748679,1530552773,3295202,kmeans,exp2_som+kmeans,40,38,2018-07-02
782.2037394,2.584222192,7882.575576,3295202,,0.140987263,1530552796,3295202,kmeans,exp2_som+kmeans,40,41,2018-07-02
782.2037394,2.557031896,7602.633867,3295202,,0.143781525,1530552818,3295202,kmeans,exp2_som+kmeans,40,44,2018-07-02
782.2037394,2.631163479,7350.541291,3295202,,0.103563118,1530552841,3295202,kmeans,exp2_som+kmeans,40,47,2018-07-02
782.2037394,2.65196569,7121.972416,3295202,,0.137262535,1530552864,3295202,kmeans,exp2_som+kmeans,40,50,2018-07-02
782.2037394,2.691473802,6913.480607,3295202,,0.128561334,1530552887,3295202,kmeans,exp2_som+kmeans,40,53,2018-07-02
782.2037394,2.784215129,6722.288809,3295202,,0.135867383,1530552910,3295202,kmeans,exp2_som+kmeans,40,56,2018-07-02
782.2037394,2.76297542,6546.128797,3295202,,0.104221805,1530552933,3295202,kmeans,exp2_som+kmeans,40,59,2018-07-02
782.2037394,2.731015328,6436.101482,3295202,,0.13444048,1530552956,3295202,kmeans,exp2_som+kmeans,40,62,2018-07-02
782.2037394,2.803612629,6231.729784,3295202,,0.124004845,1530552979,3295202,kmeans,exp2_som+kmeans,40,65,2018-07-02
782.2037394,2.790253435,6136.583439,3295202,,0.106184886,1530553002,3295202,kmeans,exp2_som+kmeans,40,68,2018-07-02
782.2037394,2.778549304,6001.697517,3295202,,0.122052099,1530553025,3295202,kmeans,exp2_som+kmeans,40,71,2018-07-02
782.2037394,2.778684324,5834.951474,3295202,,0.1256581,1530553051,3295202,kmeans,exp2_som+kmeans,40,74,2018-07-02
782.2037394,2.825387244,5756.627516,3295202,,0.088258518,1530553075,3295202,kmeans,exp2_som+kmeans,40,77,2018-07-02
782.2037394,2.942339614,5608.999819,3295202,,0.099106946,1530553099,3295202,kmeans,exp2_som+kmeans,40,80,2018-07-02
782.2037394,2.848428678,5539.318948,3295202,,0.092676573,1530553123,3295202,kmeans,exp2_som+kmeans,40,83,2018-07-02
782.2037394,2.91173626,5439.503564,3295202,,0.08975449,1530553147,3295202,kmeans,exp2_som+kmeans,40,86,2018-07-02
782.2037394,2.932109413,5344.896628,3295202,,0.129334847,1530553171,3295202,kmeans,exp2_som+kmeans,40,89,2018-07-02
782.2037394,2.955016712,5255.060695,3295202,,0.085703393,1530553194,3295202,kmeans,exp2_som+kmeans,40,92,2018-07-02
782.2037394,3.017033601,5169.607578,3295202,,0.094886775,1530553218,3295202,kmeans,exp2_som+kmeans,40,95,2018-07-02
782.2037394,2.940369412,5088.192418,3295202,,0.091151851,1530553244,3295202,kmeans,exp2_som+kmeans,40,98,2018-07-02
782.2037394,3.030157343,5010.506211,3295202,,0.083495573,1530553268,3295202,kmeans,exp2_som+kmeans,40,101,2018-07-02
782.2037394,2.967097371,4936.271749,3295202,,0.089047495,1530553293,3295202,kmeans,exp2_som+kmeans,40,104,2018-07-02
782.2037394,3.011342034,4865.244132,3295202,,0.091764636,1530553319,3295202,kmeans,exp2_som+kmeans,40,107,2018-07-02
782.2037394,3.072433966,4797.195854,3295202,,0.096731131,1530553343,3295202,kmeans,exp2_som+kmeans,40,110,2018-07-02
782.2037394,3.043851881,4731.924709,3295202,,0.080754739,1530553368,3295202,kmeans,exp2_som+kmeans,40,113,2018-07-02
782.2037394,3.079196445,4669.248228,3295202,,0.087558915,1530553393,3295202,kmeans,exp2_som+kmeans,40,116,2018-07-02
782.2037394,3.011102274,4608.997202,3295202,,0.086114538,1530553417,3295202,kmeans,exp2_som+kmeans,40,119,2018-07-02
782.2037394,3.183763763,4551.020917,3295202,,0.07335629,1530553444,3295202,kmeans,exp2_som+kmeans,40,122,2018-07-02
782.2037394,3.209504425,4495.178815,3295202,,0.066530834,1530553469,3295202,kmeans,exp2_som+kmeans,40,125,2018-07-02
782.2037394,3.242923125,4441.34364,3295202,,0.100429998,1530553494,3295202,kmeans,exp2_som+kmeans,40,128,2018-07-02
782.2037394,3.181249233,4389.396618,3295202,,0.075731731,1530553519,3295202,kmeans,exp2_som+kmeans,40,131,2018-07-02
782.2037394,3.295565413,4339.230478,3295202,,0.083943239,1530553545,3295202,kmeans,exp2_som+kmeans,40,134,2018-07-02
1233.040526,2.236619995,24926.84841,3295202,,0.434824757,1530554804,3295202,kmeans,exp2_som+kmeans,50,5,2018-07-02
1233.040526,2.439861407,18842.93155,3295202,,0.318404204,1530554828,3295202,kmeans,exp2_som+kmeans,50,8,2018-07-02
1233.040526,2.57211792,15765.13106,3295202,,0.256898797,1530554849,3295202,kmeans,exp2_som+kmeans,50,11,2018-07-02
1233.040526,2.583720307,13826.93673,3295202,,0.217371271,1530554872,3295202,kmeans,exp2_som+kmeans,50,14,2018-07-02
1233.040526,2.472899366,12872.17792,3295202,,0.20568822,1530554894,3295202,kmeans,exp2_som+kmeans,50,17,2018-07-02
1233.040526,2.550552564,11750.64036,3295202,,0.207960225,1530554917,3295202,kmeans,exp2_som+kmeans,50,20,2018-07-02
1233.040526,2.479797886,10878.97945,3295202,,0.187492598,1530554940,3295202,kmeans,exp2_som+kmeans,50,23,2018-07-02
1233.040526,2.486554552,10176.35476,3295202,,0.16641195,1530554962,3295202,kmeans,exp2_som+kmeans,50,26,2018-07-02
1233.040526,2.437400079,9594.360895,3295202,,0.162379858,1530554985,3295202,kmeans,exp2_som+kmeans,50,29,2018-07-02
1233.040526,2.449265286,9102.011663,3295202,,0.163287878,1530555007,3295202,kmeans,exp2_som+kmeans,50,32,2018-07-02
1233.040526,2.477384046,8678.42817,3295202,,0.145822469,1530555030,3295202,kmeans,exp2_som+kmeans,50,35,2018-07-02
1233.040526,2.457744964,8308.963556,3295202,,0.14107676,1530555053,3295202,kmeans,exp2_som+kmeans,50,38,2018-07-02
1233.040526,2.518197147,7982.994325,3295202,,0.13506424,1530555077,3295202,kmeans,exp2_som+kmeans,50,41,2018-07-02
1233.040526,2.561118971,7692.60663,3295202,,0.135922048,1530555100,3295202,kmeans,exp2_som+kmeans,50,44,2018-07-02
1233.040526,2.645858377,7431.7664,3295202,,0.141221778,1530555124,3295202,kmeans,exp2_som+kmeans,50,47,2018-07-02
1233.040526,2.53165505,7195.777319,3295202,,0.125218188,1530555148,3295202,kmeans,exp2_som+kmeans,50,50,2018-07-02
1233.040526,2.647311784,6980.929957,3295202,,0.127713781,1530555172,3295202,kmeans,exp2_som+kmeans,50,53,2018-07-02
1233.040526,2.651846378,6784.244233,3295202,,0.13145964,1530555196,3295202,kmeans,exp2_som+kmeans,50,56,2018-07-02
1233.040526,2.695623336,6661.99666,3295202,,0.12415292,1530555222,3295202,kmeans,exp2_som+kmeans,50,59,2018-07-02
1233.040526,2.655765351,6436.100096,3295202,,0.105016775,1530555246,3295202,kmeans,exp2_som+kmeans,50,62,2018-07-02
1233.040526,2.669039899,6280.991246,3295202,,0.117171011,1530555272,3295202,kmeans,exp2_som+kmeans,50,65,2018-07-02
1233.040526,2.769376896,6183.606967,3295202,,0.117952631,1530555299,3295202,kmeans,exp2_som+kmeans,50,68,2018-07-02
1233.040526,2.673328057,6045.665934,3295202,,0.11699195,1530555324,3295202,kmeans,exp2_som+kmeans,50,71,2018-07-02
1233.040526,2.765856486,5916.562983,3295202,,0.107568358,1530555350,3295202,kmeans,exp2_som+kmeans,50,74,2018-07-02
1233.040526,2.760408817,5795.391846,3295202,,0.112482687,1530555376,3295202,kmeans,exp2_som+kmeans,50,77,2018-07-02
1233.040526,2.810798937,5681.373655,3295202,,0.110081718,1530555402,3295202,kmeans,exp2_som+kmeans,50,80,2018-07-02
1233.040526,2.802514767,5573.830668,3295202,,0.110046418,1530555431,3295202,kmeans,exp2_som+kmeans,50,83,2018-07-02
1233.040526,2.785652204,5505.439027,3295202,,0.107038013,1530555457,3295202,kmeans,exp2_som+kmeans,50,86,2018-07-02
1233.040526,2.844389039,5375.881929,3295202,,0.115884,1530555485,3295202,kmeans,exp2_som+kmeans,50,89,2018-07-02
1233.040526,2.825330895,5314.441153,3295202,,0.11110661,1530555511,3295202,kmeans,exp2_som+kmeans,50,92,2018-07-02
1233.040526,2.82421948,5226.106599,3295202,,0.110488631,1530555538,3295202,kmeans,exp2_som+kmeans,50,95,2018-07-02
1233.040526,2.825794296,5142.036404,3295202,,0.110388394,1530555567,3295202,kmeans,exp2_som+kmeans,50,98,2018-07-02
1233.040526,2.888334153,5061.894827,3295202,,0.116228763,1530555596,3295202,kmeans,exp2_som+kmeans,50,101,2018-07-02
1233.040526,2.928878127,4985.389863,3295202,,0.084474133,1530555625,3295202,kmeans,exp2_som+kmeans,50,104,2018-07-02
1233.040526,2.905437405,4912.250393,3295202,,0.098015317,1530555653,3295202,kmeans,exp2_som+kmeans,50,107,2018-07-02
1233.040526,3.02156611,4819.560052,3295202,,0.084259334,1530555678,3295202,kmeans,exp2_som+kmeans,50,110,2018-07-02
1233.040526,2.974153048,4775.138174,3295202,,0.091791059,1530555707,3295202,kmeans,exp2_som+kmeans,50,113,2018-07-02
1233.040526,2.944412909,4710.75418,3295202,,0.087613394,1530555731,3295202,kmeans,exp2_som+kmeans,50,116,2018-07-02
1233.040526,3.043081007,4648.903144,3295202,,0.095639003,1530555757,3295202,kmeans,exp2_som+kmeans,50,119,2018-07-02
1233.040526,2.953676546,4589.42541,3295202,,0.098932734,1530555784,3295202,kmeans,exp2_som+kmeans,50,122,2018-07-02
1233.040526,3.008577847,4532.175741,3295202,,0.088410072,1530555809,3295202,kmeans,exp2_som+kmeans,50,125,2018-07-02
1233.040526,3.048389857,4477.016169,3295202,,0.074618344,1530555838,3295202,kmeans,exp2_som+kmeans,50,128,2018-07-02
1233.040526,3.106868791,4423.823626,3295202,,0.086219809,1530555864,3295202,kmeans,exp2_som+kmeans,50,131,2018-07-02
1233.040526,3.189802053,4372.481421,3295202,,0.089666037,1530555891,3295202,kmeans,exp2_som+kmeans,50,134,2018-07-02
0,0,0,3295202,0,1530557531,3295202,exp2_som+kmeans,60,5,2018-07-02,,
0,0,0,3295202,0,1530557549,3295202,exp2_som+kmeans,60,8,2018-07-02,,
0,0,0,3295202,0,1530557565,3295202,exp2_som+kmeans,60,11,2018-07-02,,
1612.612236,1.349411811,21151.62974,3295202,,0.624505145,1530557582,3295202,kmeans,exp2_som+kmeans,60,14,2018-07-02
1612.612236,1.479861879,17876.39457,3295202,,0.406365051,1530557616,3295202,kmeans,exp2_som+kmeans,60,17,2018-07-02
1612.612236,1.930293227,14956.46916,3295202,,0.262278575,1530557638,3295202,kmeans,exp2_som+kmeans,60,20,2018-07-02
1612.612236,2.202932795,13117.69456,3295202,,0.277582398,1530557660,3295202,kmeans,exp2_som+kmeans,60,23,2018-07-02
1612.612236,2.279568488,11824.13232,3295202,,0.177723588,1530557685,3295202,kmeans,exp2_som+kmeans,60,26,2018-07-02
1612.612236,2.31113577,11147.90111,3295202,,0.262103073,1530557707,3295202,kmeans,exp2_som+kmeans,60,29,2018-07-02
1612.612236,2.244701871,10320.95197,3295202,,0.183796664,1530557730,3295202,kmeans,exp2_som+kmeans,60,32,2018-07-02
1612.612236,2.281532628,9654.368334,3295202,,0.184257674,1530557753,3295202,kmeans,exp2_som+kmeans,60,35,2018-07-02
1612.612236,2.21454492,9275.6184,3295202,,0.178580616,1530557776,3295202,kmeans,exp2_som+kmeans,60,38,2018-07-02
1612.612236,2.28247803,8938.2111,3295202,,0.178058198,1530557799,3295202,kmeans,exp2_som+kmeans,60,41,2018-07-02
1612.612236,2.350297372,8494.716826,3295202,,0.161330931,1530557825,3295202,kmeans,exp2_som+kmeans,60,44,2018-07-02
1612.612236,2.342278969,8111.297852,3295202,,0.149468171,1530557849,3295202,kmeans,exp2_som+kmeans,60,47,2018-07-02
1612.612236,2.37134047,7672.521172,3295202,,0.135551407,1530557874,3295202,kmeans,exp2_som+kmeans,60,50,2018-07-02
1612.612236,2.40083929,7478.249645,3295202,,0.135182833,1530557899,3295202,kmeans,exp2_som+kmeans,60,53,2018-07-02
1612.612236,2.415249108,7212.664746,3295202,,0.158430365,1530557924,3295202,kmeans,exp2_som+kmeans,60,56,2018-07-02
1612.612236,2.353915031,6973.505962,3295202,,0.159767924,1530558240,3295202,kmeans,exp2_som+kmeans,60,59,2018-07-02
1612.612236,2.412285631,6756.65924,3295202,,0.129655399,1530558266,3295202,kmeans,exp2_som+kmeans,60,62,2018-07-02
1612.612236,2.425951981,6558.862144,3295202,,0.117545284,1530558290,3295202,kmeans,exp2_som+kmeans,60,65,2018-07-02
1612.612236,2.501117321,6377.47741,3295202,,0.138383374,1530558316,3295202,kmeans,exp2_som+kmeans,60,68,2018-07-02
1612.612236,2.501405779,6210.353196,3295202,,0.13199624,1530558343,3295202,kmeans,exp2_som+kmeans,60,71,2018-07-02
1612.612236,2.516053868,6055.714667,3295202,,0.102787245,1530558368,3295202,kmeans,exp2_som+kmeans,60,74,2018-07-02
1612.612236,2.485327199,5912.083267,3295202,,0.128064333,1530558394,3295202,kmeans,exp2_som+kmeans,60,77,2018-07-02
1612.612236,2.621096169,5778.206616,3295202,,0.10656747,1530558421,3295202,kmeans,exp2_som+kmeans,60,80,2018-07-02
1612.612236,2.542852419,5653.033374,3295202,,0.116281133,1530558448,3295202,kmeans,exp2_som+kmeans,60,83,2018-07-02
1612.612236,2.650031697,5535.65726,3295202,,0.10754955,1530558475,3295202,kmeans,exp2_som+kmeans,60,86,2018-07-02
1612.612236,2.639404739,5425.302954,3295202,,0.109422686,1530558502,3295202,kmeans,exp2_som+kmeans,60,89,2018-07-02
1612.612236,2.625229909,5321.292039,3295202,,0.110374409,1530558529,3295202,kmeans,exp2_som+kmeans,60,92,2018-07-02
1612.612236,2.612009116,5223.044979,3295202,,0.097538528,1530558557,3295202,kmeans,exp2_som+kmeans,60,95,2018-07-02
1612.612236,2.705830776,5130.047295,3295202,,0.10603532,1530558583,3295202,kmeans,exp2_som+kmeans,60,98,2018-07-02
1612.612236,2.682136337,5041.84607,3295202,,0.108646776,1530558610,3295202,kmeans,exp2_som+kmeans,60,101,2018-07-02
1612.612236,2.691746237,4958.042468,3295202,,0.111148065,1530558638,3295202,kmeans,exp2_som+kmeans,60,104,2018-07-02
1612.612236,2.699804988,4878.284066,3295202,,0.108846716,1530558666,3295202,kmeans,exp2_som+kmeans,60,107,2018-07-02
1612.612236,2.710514558,4802.25349,3295202,,0.090758131,1530558693,3295202,kmeans,exp2_som+kmeans,60,110,2018-07-02
1612.612236,2.770860398,4729.673176,3295202,,0.115169003,1530558721,3295202,kmeans,exp2_som+kmeans,60,113,2018-07-02
1612.612236,2.773054821,4660.285332,3295202,,0.104189155,1530558751,3295202,kmeans,exp2_som+kmeans,60,116,2018-07-02
1612.612236,2.727099722,4593.867216,3295202,,0.109057643,1530558779,3295202,kmeans,exp2_som+kmeans,60,119,2018-07-02
1612.612236,2.824976467,4530.208498,3295202,,0.108526877,1530558808,3295202,kmeans,exp2_som+kmeans,60,122,2018-07-02
1612.612236,2.830710666,4469.123181,3295202,,0.107616535,1530558837,3295202,kmeans,exp2_som+kmeans,60,125,2018-07-02
1612.612236,2.864797708,4410.445773,3295202,,0.085319873,1530558866,3295202,kmeans,exp2_som+kmeans,60,128,2018-07-02
1612.612236,2.884844989,4354.021563,3295202,,0.082860735,1530558895,3295202,kmeans,exp2_som+kmeans,60,131,2018-07-02
1612.612236,2.80775316,4299.707577,3295202,,0.0952219,1530558921,3295202,kmeans,exp2_som+kmeans,60,134,2018-07-02
2306.367917,2.236569156,24926.84912,3295202,,0.4778848,1530561256,3295202,kmeans,exp2_som+kmeans,70,5,2018-07-02
2306.367917,2.400629972,18842.93215,3295202,,0.331292181,1530561287,3295202,kmeans,exp2_som+kmeans,70,8,2018-07-02
2306.367917,2.442438157,15765.13135,3295202,,0.277273455,1530561310,3295202,kmeans,exp2_som+kmeans,70,11,2018-07-02
2306.367917,2.450897061,13826.93763,3295202,,0.260652558,1530561332,3295202,kmeans,exp2_som+kmeans,70,14,2018-07-02
2306.367917,2.422591841,12463.43489,3295202,,0.241712801,1530561354,3295202,kmeans,exp2_som+kmeans,70,17,2018-07-02
2306.367917,2.473757161,11437.23471,3295202,,0.244775744,1530561378,3295202,kmeans,exp2_som+kmeans,70,20,2018-07-02
2306.367917,2.471003527,10628.85585,3295202,,0.204747908,1530561402,3295202,kmeans,exp2_som+kmeans,70,23,2018-07-02
2306.367917,2.43814103,9970.752334,3295202,,0.242534907,1530561428,3295202,kmeans,exp2_som+kmeans,70,26,2018-07-02
2306.367917,2.467031913,9421.477091,3295202,,0.193879691,1530561456,3295202,kmeans,exp2_som+kmeans,70,29,2018-07-02
2306.367917,2.425992966,8954.003284,3295202,,0.175864622,1530561481,3295202,kmeans,exp2_som+kmeans,70,32,2018-07-02
2306.367917,2.426976743,8549.853844,3295202,,0.192391763,1530561508,3295202,kmeans,exp2_som+kmeans,70,35,2018-07-02
2306.367917,2.402233323,8195.912365,3295202,,0.190128539,1530561536,3295202,kmeans,exp2_som+kmeans,70,38,2018-07-02
2306.367917,2.453728898,7882.579919,3295202,,0.183718546,1530561564,3295202,kmeans,exp2_som+kmeans,70,41,2018-07-02
2306.367917,2.432625038,7602.635337,3295202,,0.176837744,1530561593,3295202,kmeans,exp2_som+kmeans,70,44,2018-07-02
2306.367917,2.441543679,7350.54441,3295202,,0.156161851,1530561617,3295202,kmeans,exp2_som+kmeans,70,47,2018-07-02
2306.367917,2.432728246,7121.975349,3295202,,0.152665425,1530561642,3295202,kmeans,exp2_som+kmeans,70,50,2018-07-02
2306.367917,2.479745312,6913.48185,3295202,,0.155915033,1530561667,3295202,kmeans,exp2_som+kmeans,70,53,2018-07-02
2306.367917,2.515233279,6722.289616,3295202,,0.16518501,1530561691,3295202,kmeans,exp2_som+kmeans,70,56,2018-07-02
2306.367917,2.530752855,6546.130159,3295202,,0.155862069,1530561719,3295202,kmeans,exp2_som+kmeans,70,59,2018-07-02
2306.367917,2.57671176,6383.130866,3295202,,0.154195889,1530561744,3295202,kmeans,exp2_som+kmeans,70,62,2018-07-02
2306.367917,2.557811031,6231.731362,3295202,,0.147107177,1530561769,3295202,kmeans,exp2_som+kmeans,70,65,2018-07-02
2306.367917,2.560700575,6090.617905,3295202,,0.144892582,1530561795,3295202,kmeans,exp2_som+kmeans,70,68,2018-07-02
2306.367917,2.582248781,5958.676478,3295202,,0.142803369,1530561821,3295202,kmeans,exp2_som+kmeans,70,71,2018-07-02
2306.367917,2.594718576,5834.953677,3295202,,0.149911157,1530561847,3295202,kmeans,exp2_som+kmeans,70,74,2018-07-02
2306.367917,2.583685012,5718.631979,3295202,,0.143491206,1530561873,3295202,kmeans,exp2_som+kmeans,70,77,2018-07-02
2306.367917,2.631764111,5609.000144,3295202,,0.13236452,1530561899,3295202,kmeans,exp2_som+kmeans,70,80,2018-07-02
2306.367917,2.723463976,5505.442093,3295202,,0.141369963,1530561927,3295202,kmeans,exp2_som+kmeans,70,83,2018-07-02
2306.367917,2.681797134,5407.413234,3295202,,0.146781737,1530561953,3295202,kmeans,exp2_som+kmeans,70,86,2018-07-02
2306.367917,2.651887262,5314.443098,3295202,,0.140735076,1530561979,3295202,kmeans,exp2_som+kmeans,70,89,2018-07-02
2306.367917,2.659857922,5226.108601,3295202,,0.128863808,1530562007,3295202,kmeans,exp2_som+kmeans,70,92,2018-07-02
2306.367917,2.667253679,5142.038135,3295202,,0.13023975,1530562034,3295202,kmeans,exp2_som+kmeans,70,95,2018-07-02
2306.367917,2.730131634,5061.897766,3295202,,0.126850896,1530562062,3295202,kmeans,exp2_som+kmeans,70,98,2018-07-02
2306.367917,2.7512442,4985.391315,3295202,,0.132408639,1530562088,3295202,kmeans,exp2_som+kmeans,70,101,2018-07-02
2306.367917,2.795712743,4912.253323,3295202,,0.135212857,1530562117,3295202,kmeans,exp2_som+kmeans,70,104,2018-07-02
2306.367917,2.764398638,4842.241455,3295202,,0.130952613,1530562143,3295202,kmeans,exp2_som+kmeans,70,107,2018-07-02
2306.367917,2.783701554,4775.141342,3295202,,0.108217294,1530562171,3295202,kmeans,exp2_som+kmeans,70,110,2018-07-02
2306.367917,2.799866191,4710.753885,3295202,,0.113786149,1530562199,3295202,kmeans,exp2_som+kmeans,70,113,2018-07-02
2306.367917,2.80043824,4648.904186,3295202,,0.111168537,1530562227,3295202,kmeans,exp2_som+kmeans,70,116,2018-07-02
2306.367917,2.81482591,4589.42893,3295202,,0.11641954,1530562257,3295202,kmeans,exp2_som+kmeans,70,119,2018-07-02
2306.367917,2.788660323,4532.177668,3295202,,0.112776589,1530562285,3295202,kmeans,exp2_som+kmeans,70,122,2018-07-02
2306.367917,2.849104369,4477.017801,3295202,,0.116751881,1530562314,3295202,kmeans,exp2_som+kmeans,70,125,2018-07-02
2306.367917,2.85614233,4423.823306,3295202,,0.115309341,1530562343,3295202,kmeans,exp2_som+kmeans,70,128,2018-07-02
2306.367917,2.919905297,4372.482545,3295202,,0.141254779,1530562371,3295202,kmeans,exp2_som+kmeans,70,131,2018-07-02
2306.367917,2.892645241,4322.887685,3295202,,0.123577963,1530562401,3295202,kmeans,exp2_som+kmeans,70,134,2018-07-02
,,,,,,,,,,,,
,,,,,,,,,,,,
,,,,,,,,,,,,
,,,,,,,,,,,,
,,,,,,,,,,,,
,,,,,,,,,,,,
,,,,,,,,,,,,
,,,,,,,,,,,,
,,,,,,,,,,,,
,,,,,,,,,,,,
,,,,,,,,,,,,
,,,,,,,,,,,,
,,,,,,,,,,,,
,,,,,,,,,,,,
,,,,,,,,,,,,
,,,,,,,,,,,,
3225.9665150642395,2.2367625764521084,28783.04247302089,3295202,,0.5903225923837412,1530604556.4571166,3295202,kmeans,exp2_som+kmeans,80,5,2018-07-03
3225.9665150642395,2.2664869953431084,20352.69160979717,3295202,,0.3469456279530871,1530604578.7323906,3295202,kmeans,exp2_som+kmeans,80,8,2018-07-03
3225.9665150642395,2.56690879511477,16617.906136898266,3295202,,0.2797282044169852,1530604600.8986585,3295202,kmeans,exp2_som+kmeans,80,11,2018-07-03
3225.9665150642395,2.603428918824686,14391.53125359348,3295202,,0.2535035369388598,1530604622.6269011,3295202,kmeans,exp2_som+kmeans,80,14,2018-07-03
3225.9665150642395,2.5138035090059905,12872.179338780445,3295202,,0.246839740941603,1530604645.8612304,3295202,kmeans,exp2_som+kmeans,80,17,2018-07-03
3225.9665150642395,2.488986717664209,12091.307385015447,3295202,,0.24018011946469736,1530604668.0044968,3295202,kmeans,exp2_som+kmeans,80,20,2018-07-03
3225.9665150642395,2.5742303542364025,11147.636986821934,3295202,,0.20747122071007962,1530604690.487783,3295202,kmeans,exp2_som+kmeans,80,23,2018-07-03
3225.9665150642395,2.403308152495586,10395.225875078762,3295202,,0.19194806414995436,1530604714.21914,3295202,kmeans,exp2_som+kmeans,80,26,2018-07-03
3225.9665150642395,2.4547852823187393,9777.126757296397,3295202,,0.16456374184376177,1530604736.686425,3295202,kmeans,exp2_som+kmeans,80,29,2018-07-03
3225.9665150642395,2.484398665566553,9257.612065194679,3295202,,0.19254738080753256,1530604759.4567275,3295202,kmeans,exp2_som+kmeans,80,32,2018-07-03
3225.9665150642395,2.4513500261660957,8812.985808294294,3295202,,0.18927464835261903,1530604784.3051488,3295202,kmeans,exp2_som+kmeans,80,35,2018-07-03
3225.9665150642395,2.445240540290255,8426.826775535445,3295202,,0.15382075466297707,1530604807.3504667,3295202,kmeans,exp2_som+kmeans,80,38,2018-07-03
3225.9665150642395,2.475099241943374,8087.351018073611,3295202,,0.1507899018237262,1530604831.0968251,3295202,kmeans,exp2_som+kmeans,80,41,2018-07-03
3225.9665150642395,2.504923775106659,7785.853761457555,3295202,,0.1583759485941374,1530604855.4372172,3295202,kmeans,exp2_som+kmeans,80,44,2018-07-03
3225.9665150642395,2.4920780429781924,7515.742879083968,3295202,,0.15252195539386,1530604878.927561,3295202,kmeans,exp2_som+kmeans,80,47,2018-07-03
3225.9665150642395,2.494950615168574,7271.924822028502,3295202,,0.1534985178821264,1530604902.9989376,3295202,kmeans,exp2_som+kmeans,80,50,2018-07-03
3225.9665150642395,2.5135789567393045,7050.393359115946,3295202,,0.15151033575907835,1530604926.958308,3295202,kmeans,exp2_som+kmeans,80,53,2018-07-03
3225.9665150642395,2.5099159595831586,6847.948759450017,3295202,,0.14641184821411565,1530604950.785671,3295202,kmeans,exp2_som+kmeans,80,56,2018-07-03
3225.9665150642395,2.5689618381294115,6661.997890619519,3295202,,0.14276577161959902,1530604975.7380981,3295202,kmeans,exp2_som+kmeans,80,59,2018-07-03
3225.9665150642395,2.5932108370872813,6490.415185855516,3295202,,0.1336079912595923,1530605000.2104979,3295202,kmeans,exp2_som+kmeans,80,62,2018-07-03
3225.9665150642395,2.5935008693025825,6331.444262566671,3295202,,0.15454488980453177,1530605024.4918866,3295202,kmeans,exp2_som+kmeans,80,65,2018-07-03
3225.9665150642395,2.5581888706751426,6183.607734879201,3295202,,0.1454071907472313,1530605051.0814075,3295202,kmeans,exp2_som+kmeans,80,68,2018-07-03
3225.9665150642395,2.606970239468907,6045.666528383705,3295202,,0.14697046697304403,1530605075.7188168,3295202,kmeans,exp2_som+kmeans,80,71,2018-07-03
3225.9665150642395,2.5932806627538914,5916.563923666571,3295202,,0.1281746152410245,1530605100.7532485,3295202,kmeans,exp2_som+kmeans,80,74,2018-07-03
3225.9665150642395,2.6605724094752885,5795.393281514869,3295202,,0.15308375085013845,1530605125.5646677,3295202,kmeans,exp2_som+kmeans,80,77,2018-07-03
3225.9665150642395,2.654866558700192,5681.374750261757,3295202,,0.1256083865810949,1530605150.7271068,3295202,kmeans,exp2_som+kmeans,80,80,2018-07-03
3225.9665150642395,2.659406426455296,5573.832553374485,3295202,,0.12580033755603842,1530605177.5706422,3295202,kmeans,exp2_som+kmeans,80,83,2018-07-03
3225.9665150642395,2.693557227053068,5472.173445906983,3295202,,0.13161592859710164,1530605202.7460823,3295202,kmeans,exp2_som+kmeans,80,86,2018-07-03
3225.9665150642395,2.6581515008101797,5375.882081399164,3295202,,0.12892736213490572,1530605229.125591,3295202,kmeans,exp2_som+kmeans,80,89,2018-07-03
3225.9665150642395,2.6969793050430066,5284.500951795938,3295202,,0.12645521509794014,1530605254.7460566,3295202,kmeans,exp2_som+kmeans,80,92,2018-07-03
3225.9665150642395,2.6971751943223445,5197.627052595775,3295202,,0.12586805795161018,1530605280.456527,3295202,kmeans,exp2_som+kmeans,80,95,2018-07-03
3225.9665150642395,2.7052302751133044,5114.900573089724,3295202,,0.12284965572015775,1530605307.8460937,3295202,kmeans,exp2_som+kmeans,80,98,2018-07-03
3225.9665150642395,2.742507832051637,5036.003264268598,3295202,,0.12447827750373487,1530605334.0725937,3295202,kmeans,exp2_som+kmeans,80,101,2018-07-03
3225.9665150642395,2.6495067160695625,4960.6486040510745,3295202,,0.12434693148027275,1530605360.4401019,3295202,kmeans,exp2_som+kmeans,80,104,2018-07-03
3225.9665150642395,2.768095550306507,4888.578198066065,3295202,,0.1162972402772238,1530605386.7616074,3295202,kmeans,exp2_som+kmeans,80,107,2018-07-03
3225.9665150642395,2.7551708851637087,4819.559179550271,3295202,,0.12157910026956799,1530605413.03411,3295202,kmeans,exp2_som+kmeans,80,110,2018-07-03
3225.9665150642395,2.7503602339387125,4753.385262370883,3295202,,0.13222762440939073,1530605441.1947207,3295202,kmeans,exp2_som+kmeans,80,113,2018-07-03
3225.9665150642395,2.763430448311172,4689.862196726798,3295202,,0.12072136663990937,1530605467.6772354,3295202,kmeans,exp2_som+kmeans,80,116,2018-07-03
3225.9665150642395,2.7955736849396335,4628.821156274035,3295202,,0.11851749134034521,1530605494.5927749,3295202,kmeans,exp2_som+kmeans,80,119,2018-07-03
3225.9665150642395,2.7825182641639215,4570.102439060686,3295202,,0.1155826987342226,1530605521.4343102,3295202,kmeans,exp2_som+kmeans,80,122,2018-07-03
3225.9665150642395,2.843283002135637,4513.564544643712,3295202,,0.11907749486599888,1530605547.9318259,3295202,kmeans,exp2_som+kmeans,80,125,2018-07-03
3225.9665150642395,2.8311406117514024,4459.072369701474,3295202,,0.11847844697996686,1530605576.9144835,3295202,kmeans,exp2_som+kmeans,80,128,2018-07-03
3225.9665150642395,2.8473908618736226,4406.507764196745,3295202,,0.11642313860824588,1530605605.0610933,3295202,kmeans,exp2_som+kmeans,80,131,2018-07-03
3225.9665150642395,2.8582828077649567,4355.759459705267,3295202,,0.1126236886772184,1530605633.9437454,3295202,kmeans,exp2_som+kmeans,80,134,2018-07-03
